2021-04-05 23:58:50, @darkpoolcharts: Dark pools and algos buying $AMZN with both hands. If you short this market you do so at your own peril https://t.co/O2‚Ä¶
2021-04-05 23:56:17, @darkpoolcharts: Dark pools and algos buying $AMZN with both hands. If you short this market you do so at your own peril https://t.co/O2‚Ä¶
2021-04-05 23:56:03,"@modestproposal1 After all Bezos has gone through grooming $AMZN shareholders, here you are still focused on a trai‚Ä¶ https://t.co/5J9KwuDB1b"
2021-04-05 23:56:02,Number of leading stocks today: 264 $SPY $QQQ $FB $GOOGL $AMZN $AAPL #DailyStkLeaderCount #Bitcoin #BTC
2021-04-05 23:54:40," @ZebrasPortfolio: What a great day for FAANG owners

$FB +3.43%
$AMZN +2.08%
$AAPL +2.36%
$NFLX +0.23%
$GOOGL +4.19%

This Zebra it‚Äôs lo‚Ä¶"
2021-04-05 23:52:49,Soooo $SHW back to $850? These are the kinda plays I enjoy making $aapl $nflx $amzn $tsla $goog $fb
2021-04-05 23:52:19,"Weird divergences

$USO #oil $GLD #gold $GDX $GDXJ $SPY $QQQ $DJIA $DIA #stockmarket #investing #finance #stocks‚Ä¶ https://t.co/L8tGCc8Ndp"
2021-04-05 23:48:45,$AMZN Max Pain is 3090.00 for maturity 04/09/2021. #maxpain #options https://t.co/YxQrvmndUq https://t.co/QGdi4I8ggT
2021-04-05 23:48:29,"#DAYTRADINGPROGRAM (DTP)

‚óæÔ∏èLive Alerts on options
‚óæÔ∏èMorning calls every morning BMO
‚óæÔ∏èExclusive Chatroom 
‚óæÔ∏èCommun‚Ä¶ https://t.co/RdFxZijFc1"
2021-04-05 23:47:02,Added 150k $TPTW shares to my position. Was too good of a steal at this level. This is one of the highest undervalu‚Ä¶ https://t.co/ND5rzkl35w
2021-04-05 23:44:30,"What a great day for FAANG owners

$FB +3.43%
$AMZN +2.08%
$AAPL +2.36%
$NFLX +0.23%
$GOOGL +4.19%

This Zebra it‚Äôs‚Ä¶ https://t.co/Dx5CaiD4nJ"
2021-04-05 23:44:29,$NQ_F nice move upside 13629-13900. Above that has 14400. $QQQ 325/28-334-343. $NDX $AAPL $AMZN $FB $TSLA https://t.co/oiS2M1vmLh
2021-04-05 23:44:26,@erikcbutler I wholeheartedly disagree. Next leg up imo comes from rotation into reasonable priced growth as in 10x‚Ä¶ https://t.co/pkOcClWvTy
2021-04-05 23:44:00, @optionsprochick: $AMZN +60% ROI in 90 mins. The best plays are usually  in the first 2hr window. $AMZN Flag break was a beauty! üòâ https‚Ä¶
2021-04-05 23:43:14,"Watchlist for tomorrow: 
- $AMZN momentum / 3252 -&gt; 3300
- $GOOGL momentum / 2235 -&gt; 2254
- $FB momentum  / 310 -&gt;‚Ä¶ https://t.co/R6Vg7SC8y7"
2021-04-05 23:43:03,"SmartOptions¬Æ Unusual Activity Alert
(Delayed)

$AMZN $3060 Puts
04/23/2021 Exp

Trade Volume: 297 Contracts

$1,32‚Ä¶ https://t.co/YGvoOvE28I"
2021-04-05 23:41:47,"$AMZN is Heating up, with @traderDanielle 
https://t.co/RMb076qwWr
The #Nasdaq, along with several key tech names i‚Ä¶ https://t.co/jKMJVUcHA1"
2021-04-05 23:41:00,"$AMZN #GooChart  Breakout alert. 

$AMZN has been consolidating for weeks now and I think it is ready to break out‚Ä¶ https://t.co/tTuA3Zj14u"
2021-04-05 23:38:11,"$AMZN Finally broke out of this pennant pattern. Watch 3231, and then 3252 for a move to 3300, 3322.  @TrendSpider https://t.co/U2Y38cPO3O"
2021-04-05 23:37:47," @Dividend_Dollar: Investing is that much more exciting when you use the products/services

üê≠ $DIS
üõí $COST
üì± $AAPL
‚ö°Ô∏è $TSLA
üëü $NKE
ü©π $JNJ‚Ä¶"
2021-04-05 23:35:23,"Man...Arkk selling all their liquid large caps like $aapl, $fb, $amzn, $goog to buy those illiquid high growth smal‚Ä¶ https://t.co/kqovS2DmJU"
2021-04-05 23:33:12,"4/6/21

pivot: 4056

above targeting 4094, 4119

below targeting 4040, 4016, 4000

$SPY $SPX #ES_F 
$QQQ $NDX #NQ_F‚Ä¶ https://t.co/QuEupSgwsp"
2021-04-05 23:30:46,"$TSLA $FB $AMZN $AAPL $NFLX $GOOGL $GOOG $FAANG 

THE BEARS ARE DONE FOR THE WEEK https://t.co/0sXnvvOgaS"
2021-04-05 23:30:10, @darkpoolcharts: Dark pools and algos buying $AMZN with both hands. If you short this market you do so at your own peril https://t.co/O2‚Ä¶
2021-04-05 23:29:31," @LimitlessT1: $TSLA still trying to hold over 700. A close above 700 will set it up for a break out through 720.

$AMZN still holding ne‚Ä¶"
2021-04-05 23:27:17,New #options #trading video. #FREE! How to limit your #losses when trading options. https://t.co/DnA8CjrFrH #stocks‚Ä¶ https://t.co/vjoD29pTO1
2021-04-05 23:25:46, @darkpoolcharts: Dark pools and algos buying $AMZN with both hands. If you short this market you do so at your own peril https://t.co/O2‚Ä¶
2021-04-05 23:25:32,$AMZN same range since July with a few fakeouts. Range Traders waiting patiently. https://t.co/4Zs75tbKPQ
2021-04-05 23:24:19, @darkpoolcharts: Dark pools and algos buying $AMZN with both hands. If you short this market you do so at your own peril https://t.co/O2‚Ä¶
2021-04-05 23:22:32," @Beth_Kindig: Today we take a look at YoY app download data for the month of March.

$EXPE $ABNB $SNAP $BKNG $PINS $AMZN $FB $MTCH $TWTR‚Ä¶"
2021-04-05 23:22:22, @darkpoolcharts: Dark pools and algos buying $AMZN with both hands. If you short this market you do so at your own peril https://t.co/O2‚Ä¶
2021-04-05 23:21:48," @stonksrus: @TicTocTick $amzn

$3325 at 3 45 pm tomorrow"
2021-04-05 23:21:08,"$AAPL closed $125.90
Looking for $122.85

$AMZN closed $3,226.73
Looking for $3,151.58

$MARA closed $56.90
Looking‚Ä¶ https://t.co/AQh3EXcdoY"
2021-04-05 23:19:43,$BPTH Easy short winner for us. $CEMI tougher one but hit it long and short. $RBLX - literal top tick sell. $TSLA n‚Ä¶ https://t.co/r1TE9udOsS
2021-04-05 23:19:15,"$AMZN

3264 is the breakout level for the quarter

Always pay attention to quarterly breakouts, especially this ear‚Ä¶ https://t.co/T06GGLUIIT"
2021-04-05 23:18:34,Evercore logs picks for an Internet sector at high (but not peak) valuation https://t.co/f582PgbycR $FB $PINS $AMZN‚Ä¶ https://t.co/UrjCCXAsU2
2021-04-05 23:17:59, @darkpoolcharts: Dark pools and algos buying $AMZN with both hands. If you short this market you do so at your own peril https://t.co/O2‚Ä¶
2021-04-05 23:16:55," @Zen_Options: $AMZN
Beast mode activation?
I‚Äôm still hoping we get split announcement.   A boy can dream."
2021-04-05 23:16:47,@StockMKTNewz $FB and $AMZN
2021-04-05 23:16:02,"$AMZN acting much better and almost ready for its turn. A close above 3360ish, expect a run to ATH, esp with ER aro‚Ä¶ https://t.co/mfqbNZGLnt"
2021-04-05 23:14:25,"@OSD888 @TicTocTick $nvda looks primed to me...just closed s full day above that volume support...I

It could be ri‚Ä¶ https://t.co/Xitu6i3X0l"
2021-04-05 23:13:46,Dark pools and algos buying $AMZN with both hands. If you short this market you do so at your own peril https://t.co/O2dyd7PXVS
2021-04-05 23:12:51," @Beth_Kindig: Today we take a look at YoY app download data for the month of March.

$EXPE $ABNB $SNAP $BKNG $PINS $AMZN $FB $MTCH $TWTR‚Ä¶"
2021-04-05 23:09:08,$AMZN... Three White Soldiers back to the triangle! https://t.co/DKmhZPQvCT
2021-04-05 23:08:29,"S&amp;P 500,Nasdaq, Russell 2000 Technical Analysis For April 5 $AAPL $AMZN $GOOG $TSLA $IWM $NDX $FB $SPX $SQ https://t.co/mP70xrV4es"
2021-04-05 23:06:10,"It may be bloody when banks declare their real  losses in #archegoscapital very soon, I don't understand why $ES is‚Ä¶ https://t.co/QJMjsp12Mg"
2021-04-05 23:06:04,"@TicTocTick $amzn

$3325 at 3 45 pm tomorrow"
2021-04-05 23:03:13," @stonksrus: Is $aapl 1 day behind $googl for a strong #POP?

$spy $psfe $qqq $tsla $pltr $aapl $amzn $twtr $fb $msft $nflx $crm $penn $n‚Ä¶"
2021-04-05 23:03:08," @stonksrus: Is $aapl 1 day behind $googl for a strong #POP?

$spy $psfe $qqq $tsla $pltr $aapl $amzn $twtr $fb $msft $nflx $crm $penn $n‚Ä¶"
2021-04-05 23:03:03," @stonksrus: $msft 

I guess owning it could be a good move.  Good sign for #MARKETS!!!!!

$spy $psfe $qqq $tsla $pltr $aapl $amzn $twtr‚Ä¶"
2021-04-05 23:02:59," @stonksrus: #Fang Party Started!!!!!  Yes!!!  I think it could be back!!!!  Tomorrow $amzn will crank!!!

$fb had its day today!!!

$spy‚Ä¶"
2021-04-05 23:02:02,"#Fang Party Started!!!!!  Yes!!!  I think it could be back!!!!  Tomorrow $amzn will crank!!!

$fb had its day today‚Ä¶ https://t.co/57GZpjbs5d"
2021-04-05 23:01:50,$AMZN  new alert at https://t.co/A7qrDarJHY  #stocks #daytrading  #NYSE #NASDAQ #market 652
2021-04-05 23:01:49,$AMZN  new alert at https://t.co/A7qrDarJHY  #stocks #daytrading  #NYSE #NASDAQ #market 651
2021-04-05 23:01:47," @buddhist_invest: @DavidSchawel $GOOGL and $AMZN are:

‚úÖUnderstandable businesses
‚úÖGrowing businesses
‚úÖCash cow businesses
‚úÖSolvent busi‚Ä¶"
2021-04-05 23:01:44,The market has a nice level to trade against after today‚Äôs action. $AMZN #AMZN 3175ish. The broad market $spy #SPX‚Ä¶ https://t.co/ytS6Pc1N6k
2021-04-05 23:00:25,@modestproposal1 Talked to a cost estimator in the construction industry this weekend and he said $AMZN singlehande‚Ä¶ https://t.co/CmvCVgYyDm
2021-04-05 23:00:05,"„ÄêGAFAM„Äë
üì± $GOOG 2225.55 (+4.11%)
üõí $AMZN 3226.73 (+2.08%)
üìò $FB 308.91 (+3.43%)
üçé $AAPL 125.90 (+2.36%)
üñ• $MSFT 249‚Ä¶ https://t.co/1zK35qlL9h"
2021-04-05 22:59:35, @carlquintanilla: (Reuters) - The National Labor Relations Board (NLRB) has determined https://t.co/xvomPHADOZ Inc illegally retaliated‚Ä¶
2021-04-05 22:59:09,"Tuesday: $MSFT, $FB, $AMZN, $TSLA"
2021-04-05 22:58:02,@Zen_Options Psychological for people with smaller portfolios. Premiums on $AMZN or $GOOGL aren‚Äôt cheap üòÖ
2021-04-05 22:57:13,"$msft 

I guess owning it could be a good move.  Good sign for #MARKETS!!!!!

$spy $psfe $qqq $tsla $pltr $aapl‚Ä¶ https://t.co/sKPZji9vPf"
2021-04-05 22:57:12, @MinteractApp: #Options Flow Stream Update $AAPL $AMZN $TSLA $RUT $MSFT $SPY $QQQ $SPX #OptionsTrading #OptionsFlow #optionstrade #optio‚Ä¶
2021-04-05 22:56:30,"Reviewing Our '21 Stock Picks: https://t.co/iI50a9glTh

Off to a good start 

$CNTY $RKT $T $IBM $FNMA $GOOG $BABA‚Ä¶ https://t.co/WYCmtoZghP"
2021-04-05 22:56:03,. @JeffBezos @bolsavsky @davidzapolsky @amazon Tell @Amazon to STOP Funding Black Lives Matter! Take action now by‚Ä¶ https://t.co/OzWXTT9mAR
2021-04-05 22:55:29,"Top Options by Volume
$AAPL $TSLA $PLTR $MSFT $FB $AMC $NIO $F $VIAC $AMZN https://t.co/mGnDxTNL1W"
2021-04-05 22:54:58,"$AMZN $3226, $326 away from ATH

Closed above 50/100D first time since mid-Feb

2/22 down gap 3232-3245 fill starte‚Ä¶ https://t.co/C0IjLpylzH"
2021-04-05 22:53:29," @PandaOptions: Todays plays üêº

$GOOGL The 4/9 2170c hit +151% (18.30 to 46)

$TGT Swing entered today. Hit +28% so far (3.75 to 4.80)

$‚Ä¶"
2021-04-05 22:53:06," @chrispopov3: If $AMZN buyers are real I‚Äôm praying for continuation tomorrow 

So much upside

Lets see where we open"
2021-04-05 22:52:02,"$MSFT $AMZN $GOOGL $AAPL
        Dad Stocks üë¥üèº 
  
    Great start for the pops port this morning since most of the‚Ä¶ https://t.co/jundRR2TWt"
2021-04-05 22:50:47,"üìà Performance of some of the fellow traders of our Community .

Calculated risk ,Great Analysis, Regular AlertsüöÄ

üéâ‚Ä¶ https://t.co/Q7ikPdcXW5"
2021-04-05 22:50:47,I see $aapl might have to contend with a few moving averages above.  $googl wax already above 5 ma.  But that could‚Ä¶ https://t.co/BZZXqiZP8e
2021-04-05 22:50:26," @wealthwoof: So someone is loading $AMZN @ $3226.73 

Some prints AH 38,805 21,079 961 418

All at $3226.73 

I just loaded up üòé https:/‚Ä¶"
2021-04-05 22:49:45,"So someone is loading $AMZN @ $3226.73 

Some prints AH 38,805 21,079 961 418

All at $3226.73 

I just loaded up üòé https://t.co/V6uvZpE0EU"
2021-04-05 22:49:34,"If $AMZN buyers are real I‚Äôm praying for continuation tomorrow 

So much upside

Lets see where we open"
2021-04-05 22:48:43, @DavidSchawel: $GOOGL now +50% over the last 6mo while $AMZN is flat.
2021-04-05 22:48:25, @raymond10mm: #new all time high $nasdaq $es_f $AAPL #daytrading #marketprofile #futures $spx $zb_f $nq_f $cl_f $GC_f $amzn $XOM $ibm $g‚Ä¶
2021-04-05 22:46:39,"**Most profitable trading community. Get up to 574% profits

$SPY $QQQ $AMZN $NVDA $BA $TSLA $BABA $AMD $AAPL $NFLX‚Ä¶ https://t.co/nis8Rcpahs"
2021-04-05 22:46:01,"Thanks for the $1k
DISCORD 

Best stock trade Group out there!

 $AMZN $AMD $SPY $QQQ $ATH $CCL $AMD $AAPL $MSFY‚Ä¶ https://t.co/AdyV2qYRD2"
2021-04-05 22:45:09," @LPellathy: Options Implied Volatility (30-Day)
$AAPL 125.9 IV 29.4%
$FB 308.91 IV 35.1%
$AMZN 3226.73 IV 27.6%
$GOOG 2225.55 IV 28.7%
$‚Ä¶"
2021-04-05 22:44:32,I've  made 36k  with them . If you really want to make a huge profit on trading .... Choose this professional chat:‚Ä¶ https://t.co/1SW8XwHYVg
2021-04-05 22:44:32,"#tradeidea 
$HYLN 
‚úÖStoch Reversing
‚úÖMACD Ready to turn into positive
‚úÖRSI near oversold territory
üí∞Price target $1‚Ä¶ https://t.co/1irNMBOeWk"
2021-04-05 22:44:26,"Best trading community, Get next winning alerts here: 

$MLHR $GE $PENN $LCA $SRNE   $SQQQ $KODK $IDEX $AMZN $IBIO‚Ä¶ https://t.co/DRj8utGw1V"
2021-04-05 22:44:11,$es $nq $aapl $amzn $tsla $googl $soy $qqq  shorts are gonna be butt sore by end of april ü•≥üéâü§£‚úåÔ∏è‚úÖ https://t.co/jMe7uEYOSD
2021-04-05 22:43:51,#new all time high $nasdaq $es_f $AAPL #daytrading #marketprofile #futures $spx $zb_f $nq_f $cl_f $GC_f $amzn $XOM‚Ä¶ https://t.co/dEnCMkdZf4
2021-04-05 22:43:11,"‚ÄúMost winning trading community, Get next winning alerts here: 

$SPY $QQQ $AMZN $NVDA $BA $TSLA $BABA $AMD $AAPL‚Ä¶ https://t.co/iIjxzm0aHc"
2021-04-05 22:41:33," @CaptSolutions: Stocks trending in conversation across FinTwit this AM:

1. $TSLA
2. $NNOX
3. $GME
4. $NVTA
5. $PLTR
6. $BFLY
7. $PINS
8‚Ä¶"
2021-04-05 22:41:24,"$FSR $PLTR $AAPL $TSLA $M $GME $AMZN $EBAY $PTON $PENN $ZM $SPY $QQQ $UVXY

were looking to hire 10 traders to work‚Ä¶ https://t.co/ztGD6xDxR0"
2021-04-05 22:40:42,"Get ahead of the trend here at Xtraders 

Congrats to all who played! 

See you tomorrowüìà

$AMZN $AAPL $BA $BABA‚Ä¶ https://t.co/oK84SxaJ3q"
2021-04-05 22:40:37,"Have a great weekend! Just a reminder, the market is closed on Monday due to MLK day! See you Tuesday!

$AMZN $AAPL‚Ä¶ https://t.co/YWaI5ovagi"
2021-04-05 22:40:37,"@howard4897 I don't like to follow $GOOGL anymore. $AMZN gives a better read of the market direction.

$GOOGL close‚Ä¶ https://t.co/Idhh4oF7dM"
2021-04-05 22:39:55,"Excited for the start Tomorrow!! So many great setups üìà
üéØLearn how to trade the right way 

$AMZN $AAPL $BA $BABA‚Ä¶ https://t.co/lbPBvXRoZI"
2021-04-05 22:39:24,"Most Profitable trading community 
Join our discord group 

$SPY $TSLA $NIO $EYES $QQQ $UVXY $ES  $FB $BA $GME‚Ä¶ https://t.co/D3qL77NGJy"
2021-04-05 22:37:38,"$DAL on fire. To know the details join the discord group 

$FSR $PLTR $AAPL $TSLA $M $GME $AMZN $EBAY $PTON $PENN‚Ä¶ https://t.co/7X1Udmsp9V"
2021-04-05 22:37:04," @Copernicus2013: How could $AMZN be worth more than Sears ? üòÉüòÇ

circa 1999 https://t.co/7T40iAeJyi"
2021-04-05 22:36:57,"$MSFT Trade Idea
 Best entry was today. Will look for an entry tomorrow. 

Watchlist: $PLTR $PTON $CRWD $AMZN $TSLA‚Ä¶ https://t.co/3e0i21eyYk"
2021-04-05 22:36:35,"To enhance your experience in trading and get instant help click here 

 $TSLA $AMZN $ZM $NVDA $TLRY $BABA $BIDU‚Ä¶ https://t.co/qsZwkdN6oi"
2021-04-05 22:36:22,"Best discord group over 80k members and even have their own app join here 

$TSLA $NVDA $BABA $ZM $TLRY $ABNB $PYPL‚Ä¶ https://t.co/6UgD5APbzC"
2021-04-05 22:36:21,"Best discord group over 80k members and even have their own app join here 

$TSLA $NVDA $BABA $ZM $TLRY $ABNB $PYPL‚Ä¶ https://t.co/aZE5f0rPGK"
2021-04-05 22:36:01,$AMZN +60% ROI in 90 mins. The best plays are usually  in the first 2hr window. $AMZN Flag break was a beauty! üòâ https://t.co/4MlJlUGyfW
2021-04-05 22:35:51,"I don't know, and it's only Monday.
But $AMZN is looking mighty squeezy üòâ
Do you own this stock? https://t.co/URErHCB0pO"
2021-04-05 22:35:22,"To share trading point of view join here 

$BABA $TSLA $GME $NVDA $FUBO $ZM $AMZN $SHOP $PLUG $TTD $AAPL $AMD https://t.co/nbGWUJA9P7"
2021-04-05 22:34:32,"$AMZN

Absolutely printed on the $3182 break today! Possible we gap fill up to $3245 before retracing, however we d‚Ä¶ https://t.co/3C4UbtsGHL"
2021-04-05 22:33:52, @TradesNour: $AMZN near eod showed a resistance with algo at 3228 which also signaled it down from the bottom of 3222 to the very top of‚Ä¶
2021-04-05 22:33:39,Make sure that the stocks you're trading tomorrow are either confirming supply or are above supply and confirming t‚Ä¶ https://t.co/aONC1CuqX5
2021-04-05 22:33:28,$AMZN near eod showed a resistance with algo at 3228 which also signaled it down from the bottom of 3222 to the ver‚Ä¶ https://t.co/YYaIdZm7h9
2021-04-05 22:33:12,@breakingoptions Awesome job!  I didn‚Äôt make it into $AMZN so knew it would fly lol
2021-04-05 22:31:49,"@CNBCnow 

hmmmmmm

$xspa you gotta help $nclh, but they might not need your help.

Save Air Travel Industry

$spy‚Ä¶ https://t.co/zj7ux6Tbo8"
2021-04-05 22:31:47,"Charlie Munger buying $BABA üòç

$SPY $QQQ $IWM $TCHEY $BIDU $IQ $TME $SFTBY $AMZN $FB $GOOGL $AAPL $MSFT $NFLX https://t.co/THfEwGq5q7"
2021-04-05 22:31:17,"Best trading community with more executive chat rooms and even have their own app join here 

$SPY $NIO $TSLA $DGLY‚Ä¶ https://t.co/J3kaXhjFaR"
2021-04-05 22:31:09,"$TSLA $NIO $SPY $MDRR $FSLY $NOVN $AAPL $PT $ROKU $SOLO $WKHS $AMD $FB $NFLX $BABA $AKBA $AMZN $KXIN $CEI $ZM 

If‚Ä¶ https://t.co/iaxvnda3rs"
2021-04-05 22:30:52,"‚úÖStocks 
‚úÖOptions 
‚úÖDay trading 

$CLDR $NOK $ABEV $ZNGA $SAVE $MGM $ET $PBR $SNAP $XOM $LOW $MSFT $AMZN $RCL $AAPL‚Ä¶ https://t.co/XXBnRBr0Dj"
2021-04-05 22:30:46,"$CRM 4.00 -&gt; 4.96
$FB 7.60 -&gt; 10.29
$AMZN 42.00 -&gt; 57.15
$GOOGL 25.40 -&gt; 41.00
$GOOGL 25.60 -&gt; 29.20

Amazing day t‚Ä¶ https://t.co/CsesBIjKzL"
2021-04-05 22:30:25,"‚úÖStocks 
‚úÖOptions 
‚úÖDay trading 

$OXY $CHK $GLD $VAL $OAS $AAPL $SPY $CHAP $DNR $XOM $CDEV $INPX $DDOG $GUSH $RCL‚Ä¶ https://t.co/mmnjeVCElt"
2021-04-05 22:29:56,$NIO $SPY $TSLA $FSLY $STAF $NFLX $ZM $WKHS $SPI $FB $PT $AAPL $BABA $PTON $KXIN $CEI $AMZN $MDRR $MTC $XXII $ROKU‚Ä¶ https://t.co/zGeS1cnwqH
2021-04-05 22:29:52,"Get instant updates and free trials join here 

$AMC $GME $NOK  $SPY $RH $BB $RKT $AAPL $AAL $NAKD $SOL $DAL $M‚Ä¶ https://t.co/gvGdl4i3EL"
2021-04-05 22:29:49,"Only in our Discord!! No body does it like  us join here 

$AAPL $AMZN $SPCE $MELI $GOOGL $TWTR $FB $NIO $DOCU $RKT‚Ä¶ https://t.co/lCAPZlpNcQ"
2021-04-05 22:29:18,"1000% almost half a mile here. You in our discord? We've been on fire!! 

$AAPL $AMZN $FB $NFLX $BABA $BIDU $BABA‚Ä¶ https://t.co/z87YxyBBwa"
2021-04-05 22:28:55,"$SPY Pivots -Support &amp; Resistance for Tu 4/6

$FB, $AMZN , $AAPL
$GOOG, $TSLA, $NFLX
$NVDA, $ABNB, $AMD
$MSFT,‚Ä¶ https://t.co/rMVpxNUsQL"
2021-04-05 22:28:53," @Dividend_Dollar: Investing is that much more exciting when you use the products/services

üê≠ $DIS
üõí $COST
üì± $AAPL
‚ö°Ô∏è $TSLA
üëü $NKE
ü©π $JNJ‚Ä¶"
2021-04-05 22:28:04,"Options Implied Volatility (30-Day)
$AAPL 125.9 IV 29.4%
$FB 308.91 IV 35.1%
$AMZN 3226.73 IV 27.6%
$GOOG 2225.55 I‚Ä¶ https://t.co/0cnA3R9Vjq"
2021-04-05 22:27:15,"Our members doing well today!

Check our other trades like $AMZN $FB $PYPL $TSLA $ZM

Join our chatroom for more am‚Ä¶ https://t.co/OTE3tEvh4a"
2021-04-05 22:27:09,"Expected deaths from ALL causes..USA..

looking at Feb 27th...long enough time to report maybe, shows as expected g‚Ä¶ https://t.co/UOvjHYEpkE"
2021-04-05 22:27:08,"$CRM $FB $AAPL $MSFT $WSM $AMZN &amp; $GOOGL were the plays today!

We went 5/8 on intraday plays!

Very successful day‚Ä¶ https://t.co/B592U5wH2V"
2021-04-05 22:24:08,nice move by $amzn today. closed right at the gap to fill.  Used classic TA and sprinkled some of #thestrat (the li‚Ä¶ https://t.co/EfajKtwPeI
2021-04-05 22:23:11,9 Stock Picks From a Top Internet Analyst $FB $AMZN $PINS $UBER $SPOT https://t.co/sFBzoTyV01
2021-04-05 22:22:57, @Crussian17: @ryanmackeytx If $fb can ignore a 500M person breach i think $amzn can ignore a alabama warehouse vote... imagine its more‚Ä¶
2021-04-05 22:22:54, @Crussian17: On the bright side the $amzn one month chart looks bullish as hell
2021-04-05 22:22:45,"$SPY $AMZN $3250 big level coming up here, want to see a break and hold above. https://t.co/LSV7FQ0UMP"
2021-04-05 22:22:18," @TraderLion_: 2020 Marked Up!

A Fundamental &amp; Technical Analysis

Stocks include:
$AMZN
$CRWD
$DOCU
$ETSY
$FVRR
$NIO
$PINS
$PTON
$RARE‚Ä¶"
2021-04-05 22:21:43,"C'mon $AMZN, get your sh*t together https://t.co/ZUKgMV0QPH"
2021-04-05 22:19:00," @IntelInsider: If Amazon opens discount stores as the economic effects of the pandemic subside, they help it deal with surplus inventory‚Ä¶"
2021-04-05 22:14:58," @Dividend_Dollar: Investing is that much more exciting when you use the products/services

üê≠ $DIS
üõí $COST
üì± $AAPL
‚ö°Ô∏è $TSLA
üëü $NKE
ü©π $JNJ‚Ä¶"
2021-04-05 22:14:40," @carlos102333: Traded $NVDA, $TSLA &amp; $GOOGL today for +2850. Currently itm on $AMZN swing and I plan to ride it out tomorrow. Join the A‚Ä¶"
2021-04-05 22:13:32,"Tickers with the most bearish news sentiment for 2021-04-05 as of 18:10:02 EST 
$AMZN $MCD $NVDA $PLUG $TWTR $XOM‚Ä¶ https://t.co/1e1w7aEz78"
2021-04-05 22:13:30,"Tickers with the most bullish news sentiment for 2021-04-05 as of 18:10:02 EST 
$XOM $NFLX $PINS $NTNX $UAA $EH‚Ä¶ https://t.co/lFrXVOwhW2"
2021-04-05 22:11:09,"#HotOptions Report For End Of Day April 5, 2021 ‚Äì $AAPL, $TSLA, $PLTR, $MSFT, $FB, $AMC, $NIO, $F, $VIAC, $AMZN,‚Ä¶ https://t.co/Ihi2xRAJU6"
2021-04-05 22:09:43, @scriptstotrade: IT'S HERE! We thank you ALL for your patience and are happy to announce our brand new RISK-REWARD INDICATOR! Available‚Ä¶
2021-04-05 22:09:06,"shhhh
#justsharing 

$spy $psfe $qqq $tsla $pltr $aapl $amzn $twtr $fb $msft $nflx $crm $penn $nvda $googl $shop $f‚Ä¶ https://t.co/ibXK5M5u5m"
2021-04-05 22:06:00,@Zen_Options $GOOGL $AMZN $ADBE have done great for me over the last 3 weeks. Glad to have you back G.S.!
2021-04-05 22:04:53," @HeroDividend: Don‚Äôt forget about FAANGüî•

$FB
$AMZN
$AAPL
$NFLX
$GOOG https://t.co/3ujTbDCec8"
2021-04-05 22:04:36,"My current holdings

$fb $goog $spce $amzn $pins $ba $sbux"
2021-04-05 22:03:19,"A STRONG STA TO APRIL!! 

#finance #financenews #stocks #stockmarket #business #businessnews #economics‚Ä¶ https://t.co/X1kHORaY4P"
2021-04-05 22:03:19," @bespokeinvest: The Consumer Discretionary sector has been ripping higher thanks to Amazon and Tesla. $AMZN $TSLA
Read more in tonight's‚Ä¶"
2021-04-05 22:02:26,"@everyone WL Video for tomorrow:

$AMC $FB $MSFT $AAPL $WMT $BA $TGT $AMZN $SPY

https://t.co/F7qRNgylNu"
2021-04-05 22:01:45,"@DavidSchawel $AMZN management is asleep at the wheel. No buybacks, no stock splits, crazy expensive P/E, bezos ret‚Ä¶ https://t.co/ulOmOjWrWz"
2021-04-05 22:01:14," @HedgeMind: $AMZN is the most popular holding among 800+ hedge funds in Q3. 

Institutional investors continued loading up, increased th‚Ä¶"
2021-04-05 22:00:55,"Big Tech hasn't moved since July. Don't think for a second that we are ""too high."" Rotation is the lifeblood of a b‚Ä¶ https://t.co/Fci8poihky"
2021-04-05 22:00:48,"@everyone WL Video for tomorrow:

$AMC $FB $MSFT $AAPL $WMT $BA $TGT $AMZN $SPY 

https://t.co/F7qRNgylNu https://t.co/F3W2jdEtGe"
2021-04-05 21:59:52,"Great start to the week with $GOOGL &amp; $AMZN. Let‚Äôs see if the party continues for a few more days here. If so, I‚Äôll‚Ä¶ https://t.co/2KP1SkEC0u"
2021-04-05 21:57:19,@TheDividendGuy @monsieurdiv Bought more $AMZN today.
2021-04-05 21:56:58," @MoneyPigTrading: 04-05-2021 update

#daytrading

$SPX +179%

$FB +34%

#swingtrading 

$AMZN +228% (non-realized)

$SPY +103%

https://‚Ä¶"
2021-04-05 21:56:25,"shhhh
#justsharing 

$spy $psfe $qqq $tsla $pltr $aapl $amzn $twtr $fb $msft $nflx $crm $penn $nvda $googl $shop $f‚Ä¶ https://t.co/oymjXSfB4A"
2021-04-05 21:55:49,Join Robinhood with my link and we'll both get a free stock ü§ù $WRAP $CODX $AMZN $TSLA $SABR $F $EXPR $WRAP $TSLA‚Ä¶ https://t.co/BqIKigNvzg
2021-04-05 21:54:42,via bespokeinvest: The Consumer Discretionary sector has been ripping higher thanks to Amazon and Tesla. $AMZN‚Ä¶ https://t.co/p3Tyj9aqBd
2021-04-05 21:54:38," @bespokeinvest: The Consumer Discretionary sector has been ripping higher thanks to Amazon and Tesla. $AMZN $TSLA
Read more in tonight's‚Ä¶"
2021-04-05 21:54:32,"The Consumer Discretionary sector has been ripping higher thanks to Amazon and Tesla. $AMZN $TSLA
Read more in toni‚Ä¶ https://t.co/XGmX8O7Kbk"
2021-04-05 21:54:14," @cfromhertz: $GOOGL $FB $MSFT out to all time highs.. that's different 

$AMZN $AAPL no slouch either this morning"
2021-04-05 21:54:12,"shhhh
#justsharing 

$spy $psfe $qqq $tsla $pltr $aapl $amzn $twtr $fb $msft $nflx $crm $penn $nvda $googl $shop $f‚Ä¶ https://t.co/7niu6UJXgE"
2021-04-05 21:54:11,$AMZN $FB $SOXL - Are you in our discord yet? https://t.co/4gaEEhEdJk
2021-04-05 21:52:46," @QuothTheRVN: @leon_texas IMO, if your day-trading $RVN, you‚Äôre absolutely just doing it wrong. üëé

This is a buy &amp; HODL, and accumulate.‚Ä¶"
2021-04-05 21:50:49,I summarized the thoughts of 49 respected #fintwit folks' on #stocks this evening for you #crowdsourcing. Top 20 ti‚Ä¶ https://t.co/O8F4y46g3W
2021-04-05 21:50:26," @cfromhertz: $GOOGL $FB $MSFT out to all time highs.. that's different 

$AMZN $AAPL no slouch either this morning"
2021-04-05 21:49:39," @HulkCapital: $AMZN Evercore assumes with an Outperform rating &amp; $4,000 PT BOOMüëäüìàüöÄ"
2021-04-05 21:49:18,@DavidSchawel Look at what $GOOGL did versus $AMZN the 6 months before...
2021-04-05 21:48:42,"If You Invested $1,000 In Amazon Stock One Year Ago, Here's How Much You'd Have Now

Related Tickers: $SPY $AMZN
Re‚Ä¶ https://t.co/awOlZw3Z2y"
2021-04-05 21:48:16," @juanmiguelworld: $VIAC 313k (69% call 31% put)
$AMZN 294k (62% call 38% put)
$GME 266k (37% call 63% put)
$AMD 265k (68% call 32% put)‚Ä¶"
2021-04-05 21:48:06," @juanmiguelworld: $VIAC 313k (69% call 31% put)
$AMZN 294k (62% call 38% put)
$GME 266k (37% call 63% put)
$AMD 265k (68% call 32% put)‚Ä¶"
2021-04-05 21:47:36," @HulkCapital: $AMZN Evercore assumes with an Outperform rating &amp; $4,000 PT BOOMüëäüìàüöÄ"
2021-04-05 21:47:08,$AMZN pumped. I‚Äôve been playing Amazon for days now and I slept thru it all today
2021-04-05 21:46:53,"Best stock trade Group out there! 
Free chatroom link below!

$AMZN $AMD $SPY $QQQ $ATH $CCL $AMD $AAPL $MSFY $BA‚Ä¶ https://t.co/RBwUDveF79"
2021-04-05 21:46:28,https://t.co/7zZkrugkO9 Inc $AMZN: EPS grew 82% https://t.co/7zZkrugkO9 Inc reports a very significant amount of sa‚Ä¶ https://t.co/jNqBowIFN6
2021-04-05 21:45:24, @DavidSchawel: $GOOGL now +50% over the last 6mo while $AMZN is flat.
2021-04-05 21:45:15,"SONAR TRADES #OptionsFlow 

$AMZN
$3,270.00 CALL
EXPIRES = 05/07/2021
SIZE = 207
OI = 15
TRADE COST = $1,666,350
ST‚Ä¶ https://t.co/UvDZI22qiL"
2021-04-05 21:44:06,"Amazing! Get Winning alerts 

$BYND $USEG $SHOP $DKNG $MU $NOVS $MYOV $APDN $MXC $BZUN $SPY $QQQ $AMZN $NVDA $BA‚Ä¶ https://t.co/oh2no4C1H8"
2021-04-05 21:43:04,"$AMZN - Amazon's Union Vote: From Breaks to Wages, What's at Stake in Alabama https://t.co/nK56VysAYN"
2021-04-05 21:42:56, @DavidSchawel: $GOOGL now +50% over the last 6mo while $AMZN is flat.
2021-04-05 21:42:46," @PeterTrader99: $AMZN Evercore assumes with an Outperform rating &amp; $4,000 PT üí™üí™üí™

Also Evercore ISI
$TTD Outperform PT $770
$ROKU Outper‚Ä¶"
2021-04-05 21:42:45,"Start trading 6months ago and made 5k to $49k Big thanks to this 

$AMZN $FB $LOVE $WORK $AAPL $AMD $MNTA $GLD $TWR‚Ä¶ https://t.co/hZi79mpjv6"
2021-04-05 21:42:38,"Holding calls on $QCOM and $NFLX. Watching these for Apr 16 calls:
$SBUX
$AMZN
$TMUS
$VALE
$MDT"
2021-04-05 21:41:08," @carlos102333: Traded $NVDA, $TSLA &amp; $GOOGL today for +2850. Currently itm on $AMZN swing and I plan to ride it out tomorrow. Join the A‚Ä¶"
2021-04-05 21:40:29,"04-05-2021 update

#daytrading

$SPX +179%

$FB +34%

#swingtrading 

$AMZN +228% (non-realized)

$SPY +103%‚Ä¶ https://t.co/7JNUxM8Zy7"
2021-04-05 21:40:20, @DavidSchawel: $GOOGL now +50% over the last 6mo while $AMZN is flat.
2021-04-05 21:40:07,@DavidSchawel $AMZN is up something like 60% from the start of 2020. Do people expect that every year?
2021-04-05 21:39:25,"$TSLA on fire. To know the details join the discord group 

$FSR $PLTR $AAPL $TSLA $M $GME $AMZN $EBAY $PTON $PENN‚Ä¶ https://t.co/iuI39zGCOh"
2021-04-05 21:39:04,"The Nasdaq index still is 3.3% below its recent peak, but three of its Big Five stocks ‚Äî Alphabet ($GOOGL), Faceboo‚Ä¶ https://t.co/fUsbsvQKVP"
2021-04-05 21:38:35,"$EBAY Trade Idea
 Best entry was today. Will look for an entry tomorrow. 

Watchlist: $PLTR $PTON $CRWD $AMZN $TSLA‚Ä¶ https://t.co/w4KmnuAkBc"
2021-04-05 21:38:22,"To enhance your experience in trading and get instant help click here 

 $TSLA $AMZN $ZM $NVDA $TLRY $BABA $BIDU‚Ä¶ https://t.co/6ljLQOZHLM"
2021-04-05 21:37:54,"Best discord group over 80k members and even have their own app join here 

$TSLA $NVDA $BABA $ZM $TLRY $ABNB $PYPL‚Ä¶ https://t.co/3uVNC5bP9N"
2021-04-05 21:37:39,"@StockMKTNewz $AMD
$PFE
$AMZN
$RL"
2021-04-05 21:37:34,"To share trading point of view join here 

$BABA $TSLA $GME $NVDA $FUBO $ZM $AMZN $SHOP $PLUG $TTD $AAPL $AMD $MARA https://t.co/jBs0JMyCfC"
2021-04-05 21:37:20,"STOCK TRADING ADVICE FROM OUR FREE TRADING DISCORD!

$FSR $PLTR $AAPL $TSLA $M $GME $AMZN $EBAY $PTON $PENN $ZM‚Ä¶ https://t.co/QX3PMaMRIj"
2021-04-05 21:36:44," @PeterTrader99: $AMZN Evercore assumes with an Outperform rating &amp; $4,000 PT üí™üí™üí™

Also Evercore ISI
$TTD Outperform PT $770
$ROKU Outper‚Ä¶"
2021-04-05 21:36:16, @Trading_Sunset: $AMZN settled +2.1% to $3226.73. New hist' highs are due.. as this should follow $GOOGL $MSFT and $FB Yours... awaiting‚Ä¶
2021-04-05 21:35:56,"$NDX Daily Chart With Fib R Levels

$QQQ $AAPL $MSFT $GOOG $AMZN $FB https://t.co/GgO5qBZvkZ"
2021-04-05 21:35:50,Join Robinhood with my link and we'll both get a free stock ü§ù $PLTR $NVAX $SRNE $LTC $FOUR $AMC $NOK $TSLA $PS‚Ä¶ https://t.co/b67jesVVfp
2021-04-05 21:35:37," @RayTL_: Improper charts in $APPS $DKNG $ZI continue to lag as ""other"" former leadership such as $SQ $PYPL $NET continues to repair itse‚Ä¶"
2021-04-05 21:35:21,"TTG #Market Recap: https://t.co/B65DVr6jgA

- is low volume a bad sign?
- what about VIX higher today?

- FANG stoc‚Ä¶ https://t.co/cp2mQUymeZ"
2021-04-05 21:34:53,"$AMZN Evercore assumes with an Outperform rating &amp; $4,000 PT üí™üí™üí™

Also Evercore ISI
$TTD Outperform PT $770
$ROKU Outperform PT $400"
2021-04-05 21:34:24,"$BTC $ETH $LINK $XTZ $ADA $VET $KNC $SXP $TWTR $ES $JD $BABA $BIDU $TME $TSLA 
$SPY $QQQ $DIS $TSLA $SHOP
$AMD‚Ä¶ https://t.co/REoKVTAFfy"
2021-04-05 21:34:05,$KODK $DOW $GNUS $IDEX $BOXL $BABA $TSLA $TAOP $JFK $CEMI $SPY $TSLA $SHOP $AMZN $NVDA $ROKU $EBAY $AMD $BB $DAL‚Ä¶ https://t.co/KulFts2KEO
2021-04-05 21:33:37,Nflx Lost 31% of Market Share in the Last Year vs Streaming Rivals  $viac $cmcsa $dis $nflx $aapl $t $sne $roku‚Ä¶ https://t.co/WyTcpdJlK3
2021-04-05 21:32:54,"$SPLK another alert over 300% profit for the TEAM! üí∞

üéØAnother day went pretty well 

Congratulations to all the me‚Ä¶ https://t.co/JfR5gGdpfT"
2021-04-05 21:32:48,"#AMZN having a problem delivering PRIME orders on time $AMZN

2nd one within 2 weeks.

Most likely positive, many orders"
2021-04-05 21:32:34,"$AAPL about to squeeze!!! Major naked short attack hereüí∏

$AAPL $MSFT $NOK $SNAP $ATHN $ATOS $AKER $MAT $JD $MINI‚Ä¶ https://t.co/7Bztjbet7a"
2021-04-05 21:32:32," @HulkCapital: $AMZN Evercore assumes with an Outperform rating &amp; $4,000 PT BOOMüëäüìàüöÄ"
2021-04-05 21:32:18,"üéØAnother week went pretty well 

‚úÖBig or small ,Gain is what it matters

Congratulations to all the members of our‚Ä¶ https://t.co/IudQPEC3bU"
2021-04-05 21:31:33, @YoungMoneyNoah: Unreal start to the week and best day I've had in a while! We caught $googl + $fb and $amzn today.. securing $28K üí∞üí∞üí∞ C‚Ä¶
2021-04-05 21:31:28,"$AMZN Evercore assumes with an Outperform rating &amp; $4,000 PT BOOMüëäüìàüöÄ"
2021-04-05 21:28:44," @cfromhertz: $GOOGL $FB $MSFT out to all time highs.. that's different 

$AMZN $AAPL no slouch either this morning"
2021-04-05 21:26:33, @dayomabinuola: $AMZN #AMZN has rallied with over 200points since this tweet üëá
2021-04-05 21:26:17," @stonksrus: Is $aapl 1 day behind $googl for a strong #POP?

$spy $psfe $qqq $tsla $pltr $aapl $amzn $twtr $fb $msft $nflx $crm $penn $n‚Ä¶"
2021-04-05 21:25:25," @RayTL_: Improper charts in $APPS $DKNG $ZI continue to lag as ""other"" former leadership such as $SQ $PYPL $NET continues to repair itse‚Ä¶"
2021-04-05 21:25:02,"With past performance like this, how can you not sign up for a Free 10-day trial to https://t.co/wBCJG71Qj6? Winnin‚Ä¶ https://t.co/0zZtTMnwON"
2021-04-05 21:23:51,. @JeffBezos @bolsavsky @davidzapolsky @amazon Tell @Amazon to STOP Funding Black Lives Matter! Take action now by‚Ä¶ https://t.co/MdcUoM7kYx
2021-04-05 21:23:30,"In $nvda as well has said previously $amzn as Nvda has went thru all moving averages. 
We‚Äôre now getting the top el‚Ä¶ https://t.co/bCJWivgugP"
2021-04-05 21:23:22," @LimitlessT1: Market Watchlist for 4/5-4/9üìà

The Sunday Webinar is up for members going over this week's watchlist and the overall marke‚Ä¶"
2021-04-05 21:22:03," @Beth_Kindig: Today we take a look at YoY app download data for the month of March.

$EXPE $ABNB $SNAP $BKNG $PINS $AMZN $FB $MTCH $TWTR‚Ä¶"
2021-04-05 21:21:40,"Tom Lee's EPICENTER stocks have NO CHANCE in EU and UK.

Secular winners like $AMZN $GOOGL work well. 

UK not will‚Ä¶ https://t.co/2GQxjErQCj"
2021-04-05 21:21:13,"$AMZN Evercore assumes with an Outperform rating &amp; $4,000 PT"
2021-04-05 21:20:41," @OTCNUT1: $CAPC ‚Äî¬†you need to COMPREHEND the GRAVITY of the SITUATION ‚Äî¬†Read the transcript, at least 3x ‚Äî¬†and know that $AMZN is involv‚Ä¶"
2021-04-05 21:20:02," @Trendspider_J: Some nice movers from this weekend‚Äôs video! Always good to go back and see what has worked and what hasn‚Äôt.

You can wat‚Ä¶"
2021-04-05 21:18:30,$AMZN Seems to have finally woken up. Bullish reversal on the monthly chart with the next big target at $3434 which‚Ä¶ https://t.co/1ENEmV9uCg
2021-04-05 21:17:13," @Trendspider_J: Some nice movers from this weekend‚Äôs video! Always good to go back and see what has worked and what hasn‚Äôt.

You can wat‚Ä¶"
2021-04-05 21:16:43,$AMZN settled +2.1% to $3226.73. New hist' highs are due.. as this should follow $GOOGL $MSFT and $FB Yours... awai‚Ä¶ https://t.co/5gNJC5RGPS
2021-04-05 21:16:37," @StockMKTNewz: Evercore today initiated coverage on:

Shopify $SHOP with an In-line
Netflix $NFLX with an Outperform
Pinterest $PIN with‚Ä¶"
2021-04-05 21:16:30, @DividendGrowth: Investors give the S&amp;P 500 index committee a hard time for including Yahoo in the index at the height of the dot-com bu‚Ä¶
2021-04-05 21:15:00,"$NQ_F üîëLevels - Apr 5/6

12875 - Monthly Pivot
12966 - Quarterly Pivot
13046 - Bottom of Expected Weekly Range
1314‚Ä¶ https://t.co/aaoPzgoYra"
2021-04-05 21:12:52,"Is $aapl 1 day behind $googl for a strong #POP?

$spy $psfe $qqq $tsla $pltr $aapl $amzn $twtr $fb $msft $nflx $crm‚Ä¶ https://t.co/d6uLkM06AM"
2021-04-05 21:12:51,"Is $aapl 1 day behind $googl for a strong #POP?

$spy $psfe $qqq $tsla $pltr $aapl $amzn $twtr $fb $msft $nflx $crm‚Ä¶ https://t.co/9y4N66Np6y"
2021-04-05 21:10:56," @IntelInsider: If Amazon opens discount stores as the economic effects of the pandemic subside, they help it deal with surplus inventory‚Ä¶"
2021-04-05 21:10:38,3) Brick &amp; Mortar Stores - $AMZN is trying to open brick &amp; mortar store just for electronics segment. Who has upper‚Ä¶ https://t.co/8dJIBKJbGh
2021-04-05 21:09:26," @ThetaWarrior: Options Education üìö

The Long Vertical Spread

Stocks like $TSLA $AMZN $NVDA $SHOP all have high premiums and can be expe‚Ä¶"
2021-04-05 21:09:01,@StealthQE4 $AMZN $AAPL still have to break out of their ranges. $AMZN has been in the $2880-$3500 range forever !‚Ä¶ https://t.co/iswBSfKOQW
2021-04-05 21:08:51,"It was a day to keep your FOMO in check. I missed the early entry on $GOOGL and sold $AMZN quickly, but if you fomo‚Ä¶ https://t.co/6N8NhhfFzj"
2021-04-05 21:08:39,2) E-Commerce - Their strategy to make $GME as E-Commerce giant seems to be working. Lot of work still needs to be‚Ä¶ https://t.co/tM6zWLcHJF
2021-04-05 21:08:31," @nex1982: Invest in companies you know.

If you know it, you understand it!

üê≠ $DIS
üõí $COST
üì± $AAPL
‚ö°Ô∏è $TSLA
üëü $NKE
ü©π $JNJ
üåØ $CMG
üçü $MCD‚Ä¶"
2021-04-05 21:08:12,$AMZN update: SMA 200 support. https://t.co/5TYUu82eTT
2021-04-05 21:06:42,"Hope everyone had an #ICgreen day. Some positions we scalped or closed today:

$QCOM 1.46‚û°Ô∏è2.45
$AMZN 2.5‚û°Ô∏è2.95‚Ä¶ https://t.co/LKH6xYwiGK"
2021-04-05 21:04:51,"Tomrrow‚Äôs #watchlist for #NYSE, #NASDAQ $500+: $AMZN $NFLX $NVDA"
2021-04-05 21:03:27,Thanks Lauren. $SHOP $ETSY $AMZN. Keep in mind D2C sales also like $LULU $COST $HD etc etc. Sq footage is the enemy‚Ä¶ https://t.co/7nH7r8OAMw
2021-04-05 21:01:56,"Traded $NVDA, $TSLA &amp; $GOOGL today for +2850. Currently itm on $AMZN swing and I plan to ride it out tomorrow. Join‚Ä¶ https://t.co/nLOotjlbHm"
2021-04-05 21:00:28," @optionflys: $ISRG Look for upside target 793 minimum 

#ES_F  #NQ_F $NQ_F $SPX $SPY $NDX $QQQ $AAPL $BABA $BA $COST $SQ $GLD $FB $BAC $‚Ä¶"
2021-04-05 21:00:05,"üçî Pay $100s for McDonald's but $MCD expensive
‚òï Pay $100s for Starbucks but $SBUX expensive
üõç Pay $100s for Lululem‚Ä¶ https://t.co/l0keQ9WqGk"
2021-04-05 20:59:57," @optionflys: $DDOG  Solid support zone here to consider longs 

#ES_F  #NQ_F $NQ_F $SPX $SPY $NDX $QQQ $AAPL $BABA $BA $COST $SQ $GLD $F‚Ä¶"
2021-04-05 20:58:40," @magicmiketrader: TOP option Alerted off watchlist this morning was the $AMZN $3200 calls 4/09
188% Gain from $18.50 low  to $53.30 high‚Ä¶"
2021-04-05 20:58:28,"Some nice movers from this weekend‚Äôs video! Always good to go back and see what has worked and what hasn‚Äôt.

You ca‚Ä¶ https://t.co/k5tumUd35b"
2021-04-05 20:57:47," @OTCNUT1: $CAPC ‚Äî¬†you need to COMPREHEND the GRAVITY of the SITUATION ‚Äî¬†Read the transcript, at least 3x ‚Äî¬†and know that $AMZN is involv‚Ä¶"
2021-04-05 20:57:20," @LukeDonay: üí•ETF Insight!üí•

Here are the top ten holdings of $IWF, otherwise known as the iShares Russell 1000 Growth ETF. üëá

1. $AAPL
2‚Ä¶"
2021-04-05 20:56:56,"$AMZN in the longer term, while below 3480 can remain sideways to down.  Unless it exceeds that price, it is favour‚Ä¶ https://t.co/UJDQPB1Vi9"
2021-04-05 20:56:39,"@skaushi time for $AMZN to rip , been getting upgraded to 4K and beyond and stock has been around same range for 6  months now.."
2021-04-05 20:56:02," @MelStone31: $AMZN - Evercore assumes with an Outperform rating &amp; $4,000 PT

Snapshot below shows todays #option flow &amp; #darkpool activi‚Ä¶"
2021-04-05 20:55:27," @StockMKTNewz: Evercore today initiated coverage on:

Shopify $SHOP with an In-line
Netflix $NFLX with an Outperform
Pinterest $PIN with‚Ä¶"
2021-04-05 20:55:24," @RayTL_: Improper charts in $APPS $DKNG $ZI continue to lag as ""other"" former leadership such as $SQ $PYPL $NET continues to repair itse‚Ä¶"
2021-04-05 20:52:33,"TOP option Alerted off watchlist this morning was the $AMZN $3200 calls 4/09
188% Gain from $18.50 low  to $53.30 h‚Ä¶ https://t.co/JU0pL9Ycd4"
2021-04-05 20:51:26,"Invest in companies you know.

If you know it, you understand it!

üê≠ $DIS
üõí $COST
üì± $AAPL
‚ö°Ô∏è $TSLA
üëü $NKE
ü©π $JNJ
üåØ‚Ä¶ https://t.co/P3BfMR6hw0"
2021-04-05 20:51:13,"$AAPL $AMZN $HP NEW AICLE : Jabil: Big Customers Like Amazon, Apple And Tesla Will Benefit From Biden's American‚Ä¶ https://t.co/CFIukf7ZZL"
2021-04-05 20:51:03," @BeyondTheTrades: ""20 Trading Lessons in 20 Days"".....  from the professional traders &amp; our good friends at Trade Ideas.

Download immed‚Ä¶"
2021-04-05 20:49:58," @StockMKTNewz: Evercore today initiated coverage on:

Shopify $SHOP with an In-line
Netflix $NFLX with an Outperform
Pinterest $PIN with‚Ä¶"
2021-04-05 20:48:17," @SethCL: $AMZN, updated chart begs of ""I'm doing all right, gettin good grades, my futures so bright...""

Broke above 50DMA &amp; descending‚Ä¶"
2021-04-05 20:48:12, @SethCL: $AMZN selling hasn't come with like volume as was found when it hit similar lows back in Sept. '20. Wreaks of mere multiple com‚Ä¶
2021-04-05 20:47:02,"Need to dig in more to get an idea of the benefit of using quantum computing, but pretty cool that it is available‚Ä¶ https://t.co/GHpThNYJCL"
2021-04-05 20:46:36,"Evercore today initiated coverage on:

Shopify $SHOP with an In-line
Netflix $NFLX with an Outperform
Pinterest‚Ä¶ https://t.co/392g1cDKhR"
2021-04-05 20:46:15,"ANOTHA ONE! More success over at @ContractReaper by another reaper member (posted anonymously)! 
 
  ------- 
 $BA‚Ä¶ https://t.co/IfzpTI25br"
2021-04-05 20:46:15,"ANOTHA ONE! More success over at @ContractReaper by another reaper member (posted anonymously)! 
 
  ------- 
 $BA‚Ä¶ https://t.co/dTM1y8FkiO"
2021-04-05 20:46:09," @IntelInsider: If Amazon opens discount stores as the economic effects of the pandemic subside, they help it deal with surplus inventory‚Ä¶"
2021-04-05 20:43:50,"ANOTHA ONE! More success over at @ContractReaper by another reaper member (posted anonymously)! 
 
  ------- 
 $BA‚Ä¶ https://t.co/5tE36AR4Dq"
2021-04-05 20:43:18," @Bruno_J_Navarro: In 2019, Amazon used an estimated 465 million pounds of plastic packaging, according to the nonprofit environmental gr‚Ä¶"
2021-04-05 20:41:39,"Best trading community with more executive chat rooms and even have their own app join here 

$SPY $NIO $TSLA $DGLY‚Ä¶ https://t.co/Dv70BezjW9"
2021-04-05 20:41:21, @SamRo: what they were saying about Amazon in 1999 $AMZN https://t.co/yFn8cG8ONl
2021-04-05 20:41:17,"$TSLA $NIO $SPY $MDRR $FSLY $NOVN $AAPL $PT $ROKU $SOLO $WKHS $AMD $FB $NFLX $BABA $AKBA $AMZN $KXIN $CEI $ZM 

If‚Ä¶ https://t.co/EDfd0pLaS3"
2021-04-05 20:41:06,"‚úÖStocks 
‚úÖOptions 
‚úÖDay trading 

$CLDR $NOK $ABEV $ZNGA $SAVE $MGM $ET $PBR $SNAP $XOM $LOW $MSFT $AMZN $RCL $AAPL‚Ä¶ https://t.co/ehQsZyd06J"
2021-04-05 20:40:59," @MelStone31: $AMZN - Evercore assumes with an Outperform rating &amp; $4,000 PT

Snapshot below shows todays #option flow &amp; #darkpool activi‚Ä¶"
2021-04-05 20:40:50,"‚úÖStocks 
‚úÖOptions 
‚úÖDay trading 

$OXY $CHK $GLD $VAL $OAS $AAPL $SPY $CHAP $DNR $XOM $CDEV $INPX $DDOG $GUSH $RCL‚Ä¶ https://t.co/BAZqEnbQpu"
2021-04-05 20:40:32,$NIO $SPY $TSLA $FSLY $STAF $NFLX $ZM $WKHS $SPI $FB $PT $AAPL $BABA $PTON $KXIN $CEI $AMZN $MDRR $MTC $XXII $ROKU‚Ä¶ https://t.co/HgiAm72vfw
2021-04-05 20:40:27," @stockbeep: Most active #stocks on our scans today (by $ traded)

$TSLA  +472.82
$AAPL  +124.04
$AMZN  +3,218.08
$MSFT  +17.22
$FB  +257‚Ä¶"
2021-04-05 20:40:20,"Get instant updates and free trials join here 

$AMC $GME $NOK  $SPY $RH $BB $RKT $AAPL $AAL $NAKD $SOL $DAL $M‚Ä¶ https://t.co/aRSB1rQQvK"
2021-04-05 20:40:12,@jxhn0 @ViperAIO_ @snkrnova Good luck everyone! Seriously Viper AIO üöÄ now featuring $AMZN?
2021-04-05 20:40:05,"ANOTHA ONE! More success over at @ContractReaper by another reaper member (posted anonymously)! 
 
  ------- 
 $BA‚Ä¶ https://t.co/WODD5Cbd5a"
2021-04-05 20:40:04,"Only in our Discord!! No body does it like  us join here 

$AAPL $AMZN $SPCE $MELI $GOOGL $TWTR $FB $NIO $DOCU $RKT‚Ä¶ https://t.co/gbEEVoURYg"
2021-04-05 20:39:56, @DavidSchawel: $GOOGL now +50% over the last 6mo while $AMZN is flat.
2021-04-05 20:39:46,"1000% almost half a mile here. You in our discord? We've been on fire!! 

$AAPL $AMZN $FB $NFLX $BABA $BIDU $BABA‚Ä¶ https://t.co/3yLN2xMyh2"
2021-04-05 20:39:39, @DavidSchawel: $GOOGL now +50% over the last 6mo while $AMZN is flat.
2021-04-05 20:39:30,"$DDOG  Solid support zone here to consider longs 

#ES_F  #NQ_F $NQ_F $SPX $SPY $NDX $QQQ $AAPL $BABA $BA $COST $SQ‚Ä¶ https://t.co/zTAmWO47tC"
2021-04-05 20:37:45,"TICKER: $AMZN
SIZE: 217493
PRICE: $3226.73
TIME: 16:00:00
AMOUNT: $701791188"
2021-04-05 20:37:38," @Zen_Options: From March 29th, but this is why you pay attention. 
$GOOGL $FB $AMZN"
2021-04-05 20:37:11,"$BTC $ETH $LINK $XTZ $ADA $VET $KNC $SXP $TWTR $ES $JD $BABA $BIDU $TME $SPY 
$SPY $QQQ $DIS $TSLA $SHOP
$AMD $AAPL‚Ä¶ https://t.co/ZN8duAranR"
2021-04-05 20:36:50,$KODK $DOW $GNUS $IDEX $BOXL $BABA $TSLA $TAOP $JFK $CEMI $SPY $BOXL $SHOP $AMZN $NVDA $ROKU $EBAY $AMD $BB $DAL‚Ä¶ https://t.co/pOfnRyOvQf
2021-04-05 20:35:37,"$TSTS another alert over 300% profit for the TEAM! üí∞

üéØAnother day went pretty well 

Congratulations to all the me‚Ä¶ https://t.co/mhtMTe6MuM"
2021-04-05 20:35:30,"$ADMP about to squeeze!!! Major naked short attack hereüí∏

$AAPL $MSFT $NOK $SNAP $ATHN $ATOS $AKER $MAT $JD $MINI‚Ä¶ https://t.co/m9OVrplwvP"
2021-04-05 20:35:20,"üéØAnother week went pretty well 

‚úÖBig or small ,Gain is what it matters

Congratulations to all the members of our‚Ä¶ https://t.co/s7Yl5oxfQw"
2021-04-05 20:35:19,"Why Did Netflix, Disney Apps Download Rates Take A Big Hit In March?

Related Tickers: $SIRI $AMZN $NFLX $SPOT $DIS‚Ä¶ https://t.co/jvtxosvuqJ"
2021-04-05 20:35:13," @optioptions: $SPX $QQQ both set new ATH's Today

$AAPL $AMZN $MSFT $GOOGL $FB $NVDA Showed some significant strength today compared to‚Ä¶"
2021-04-05 20:35:06, @ProblemSniper: $AMZN with the new PT of 4000
2021-04-05 20:34:41,"$SPX $QQQ both set new ATH's Today

$AAPL $AMZN $MSFT $GOOGL $FB $NVDA Showed some significant strength today compa‚Ä¶ https://t.co/7LcIkxKmX5"
2021-04-05 20:33:54,"Option Trades of the Day üèÜüí∏üí∞

ü•á $MSFT 558%
ü•à $GOOGL 242%
ü•â $TGT 97%

Join our Money Making Community!

üåê‚Ä¶ https://t.co/AUZHAGKEeh"
2021-04-05 20:33:50,"üìà Performance of some of the fellow traders of our Community .

Calculated risk ,Great Analysis, Regular AlertsüöÄ

üéâ‚Ä¶ https://t.co/PxImJ2x6pi"
2021-04-05 20:33:42,$AMZN with the new PT of 4000
2021-04-05 20:31:20,"$NCLH Norwegian Cruise goes a lot higher-maybe. 
$CCL $RCL $AMC $GME $AAPL $MSFT $ORCL $FB $AMZN $NFLX 
$GOOGL $QQQ‚Ä¶ https://t.co/QZQvPszw6s"
2021-04-05 20:30:43,"$AMZN - Evercore assumes with an Outperform rating &amp; $4,000 PT

Snapshot below shows todays #option flow &amp;‚Ä¶ https://t.co/Shmyajx4VI"
