2021-04-07 23:59:44,"#NASDAQ100 Today's market overview $FB $PDD $AAPL $AMAT $COST  
 
https://t.co/VIPIyhYaPw https://t.co/bk3F04JV9L"
2021-04-07 23:59:16,Signal on the 15-minute chart for $FB. Trading this is easy with the right algo to help. Get access to UltraAlgo fo‚Ä¶ https://t.co/8vo8LGwrJt
2021-04-07 23:58:48,"Sold $FB in the 40s circa 2013

Bought it back at 290 a couple weeks ago

Am I doing this right?"
2021-04-07 23:55:36,#Links ‚Äî&gt;  https://t.co/Tuhhx1tk3B / https://t.co/OzPxnHT7Yu / Ken Griffey 1989 Upper Deck Rookie RC‚Ä¶ https://t.co/blJeIExjUc
2021-04-07 23:50:04," @StocksPilgrim: $XL ‚úÖ
$CCL ‚úÖ
$AMZN ‚úÖ x 2 different calls 
$SNAP ‚úÖ
$EENF ‚úÖ (vindication)
$HYLN ‚úÖ
$XFLS ‚úÖ
$FB ‚úÖ
$SOS ‚úÖ
$SQ ‚úÖ
$NVDA ‚úÖ
$ASTS‚Ä¶"
2021-04-07 23:46:50," @cfromhertz: TTG #Market Recap: https://t.co/9VSLxceRDB

- choppy day with weak breadth, FAANMG stocks outperformed $AAPL $GOOG $FB $AMZ‚Ä¶"
2021-04-07 23:45:31,"$FB

Has Facebook proven to be an innovative tech company, like $GOOG $MSFT $AAPL $AMZN, enough to make their VR &amp;‚Ä¶ https://t.co/2x5RaLp6Uf"
2021-04-07 23:43:17,"Beautiful

$spy $psfe $qqq $tsla $pltr $aapl $amzn $twtr $fb $msft $nflx $crm $penn $nvda $googl $shop $f $tdoc‚Ä¶ https://t.co/mfaUqXLOsg"
2021-04-07 23:40:16, @trader_manisha: $FB can go up to $340 based on the inverted H&amp;S pattern but may take the same number of months to achieve it as it took‚Ä¶
2021-04-07 23:39:02, @corpgovnet: No Safety with Surveillance https://t.co/HpeJnlxQ76 via @YouTube $FB $GOOGL
2021-04-07 23:37:41,"$XL ‚úÖ
$CCL ‚úÖ
$AMZN ‚úÖ x 2 different calls 
$SNAP ‚úÖ
$EENF ‚úÖ (vindication)
$HYLN ‚úÖ
$XFLS ‚úÖ
$FB ‚úÖ
$SOS ‚úÖ
$SQ ‚úÖ
$NVDA ‚úÖ‚Ä¶ https://t.co/GcAionNu7u"
2021-04-07 23:32:28,$AMZN $TSLA $MSFT $FB https://t.co/etmYKAk83d
2021-04-07 23:32:09,"$TWTR BUYING CLUBHOUSE?? 

$DIS $BBY $BFT $TSLA $SBE $SPY $DKNG $PLTR $PSTH $CHPT $JMIA $WKHS $RSI $TDOC $BABA $JPM‚Ä¶ https://t.co/1DJxeh6dEJ"
2021-04-07 23:31:29,"1. Of course not. They hate their users.
2. @eculliford Please do not allow $FB to gaslight you into calling this ‚Äú‚Ä¶ https://t.co/GuZb2gTWFW"
2021-04-07 23:31:29,What Is Your Trading Edge? $BYND $FB $SQ Trade Recaps https://t.co/Liewb04dxh via @YouTube
2021-04-07 23:27:01," @HeroDividend: ‚ö°Ô∏èINVEST IN THE FUTURE‚ö°Ô∏è

Big data: $PLTR
Teleheath: $TDOC
Mobile gaming: $SKLZ
Sports betting: $DKNG
Real estate: $OPEN‚Ä¶"
2021-04-07 23:26:48, @MinteractApp: #Options Flow Grid Update $FB #OptionsTrading #Facebook Shares ‚¨ÜÔ∏è 1.84% to $311.88 #OptionsFlow #stocks #stock #StockMark‚Ä¶
2021-04-07 23:26:21, @MinteractApp: #Options Flow Stream Update $AAPL $AMZN $FB $TSLA $MSFT $FB $XLP $QQQ $SPX #OptionsTrading #OptionsFlow #optionstrade #op‚Ä¶
2021-04-07 23:25:56,Number of leading stocks today: 169 $SPY $QQQ $FB $GOOGL $AMZN $AAPL #DailyStkLeaderCount #Bitcoin #BTC
2021-04-07 23:24:26," @stocksareeazy: Last weeks market recap out on my youtube guys, we will be releasing these every week so make sure you subscribe so you‚Ä¶"
2021-04-07 23:21:31,Nice week so far $APPL $GOOGL $FB $AMZN $ROKU https://t.co/V2tFBpyxIW
2021-04-07 23:20:11,#inside #pullback $nasdaq $es_f $AAPL #daytrading #marketprofile #futures $spx $zb_f $nq_f $cl_f $GC_f $amzn $XOM‚Ä¶ https://t.co/esGbCNNgCU
2021-04-07 23:20:00,$penn $ino $mara $aal $tsla $opti $spy $srne $sunw $dkng $aapl $fsr $hexo $boxl $fubo  $uxin $nok $vxrt $acb $amc‚Ä¶ https://t.co/5Bq1MDCaRh
2021-04-07 23:17:33,"üëçüèº | $FB  üê¶ | $TWTR  üó∫ | $GOOGL 
There is more pain ahead for tech stocks https://t.co/p1oLNjdaFM https://t.co/rd3VhTiF0C"
2021-04-07 23:15:05,Long $FB https://t.co/IuYH47oROq
2021-04-07 23:15:00,"The Rich Get Richer: Jeff Bezos, Elon Musk Top Forbes' 2021 List Of World's Billionaires $AMZN $TSLA $MSFT $FB https://t.co/H5scVhdPJQ"
2021-04-07 23:14:46," @moneycarpenter: @NelsonDaleSmith It‚Äôs really cute. I will give them that. Try and build a platform as addictive as $FB, I would like to‚Ä¶"
2021-04-07 23:14:17, @moneycarpenter: Buy $FB https://t.co/KuccpgV3af
2021-04-07 23:13:55,Bull thesis the whole time $FB https://t.co/JtqBCi4OFa
2021-04-07 23:13:35, @moneycarpenter: Zuck reminding everyone who runs this show today $FB
2021-04-07 23:13:17,No Safety with Surveillance https://t.co/HpeJnlxQ76 via @YouTube $FB $GOOGL
2021-04-07 23:13:16, @moneycarpenter: @NickGreenr And I‚Äôll die on this mountain $FB
2021-04-07 23:12:57, @moneycarpenter: @chrisinsilico @fbnewsroom Buy $FB
2021-04-07 23:12:53, @moneycarpenter: $LMT $FB all that matters
2021-04-07 23:12:47,$FB ATH today https://t.co/MV2krM3811
2021-04-07 23:12:33, @moneycarpenter: Doubled down and bought more $FB https://t.co/PuX1IJsx0o
2021-04-07 23:12:05, @moneycarpenter: $FB $GOOG Infrastructure play https://t.co/2BRpGVw7u0
2021-04-07 23:11:38,I‚Äôm going to go on a bragging spree. Buckle up $FB https://t.co/YTDYm0Qa8R
2021-04-07 23:11:37,"Come on FOlks!

$aapl $tsla $fb https://t.co/g76aW01GTS"
2021-04-07 23:11:20,$FB... fresh ATHs... Pi &amp; a quarter! https://t.co/LV86jNbf3p
2021-04-07 23:09:15," @optionsmarksmen: $TSLA Swing Trade Idea just posted members, our $AMZN swing idea just above 100%

$SPY $AMZN $AAPL $BA $NFLX $TSLA $AM‚Ä¶"
2021-04-07 23:07:47," @MarketRebels: $FB launching public test of live Q&amp;A product ""Hotline"" where creators can speak and take live questions from their audie‚Ä¶"
2021-04-07 23:07:47," @MarketRebels: Wednesday Option Volumes:

$AAPL 1.451M (69% call 31% put)
$T 1.104M (92% call 8% put)
$TSLA 808K (58% call 42% put)
$SOS‚Ä¶"
2021-04-07 23:07:35," @MarketRebels: $FB launching public test of live Q&amp;A product ""Hotline"" where creators can speak and take live questions from their audie‚Ä¶"
2021-04-07 23:06:33,@moneycarpenter $fb 4-500$ before year end
2021-04-07 23:05:36,$FB can go up to $340 based on the inverted H&amp;S pattern but may take the same number of months to achieve it as it‚Ä¶ https://t.co/2ayEdUOPf8
2021-04-07 23:05:19,"$TSLA Swing Trade Idea just posted members, our $AMZN swing idea just above 100%

$SPY $AMZN $AAPL $BA $NFLX $TSLA‚Ä¶ https://t.co/NvYEWteTs7"
2021-04-07 23:03:54,$FB launches @joinClubhouse and @TwitterSpaces competition tool called Hotline https://t.co/POPuxZ6yt0
2021-04-07 23:03:50," @Trading_Sunset: Closing chart: FAANGM, ytd perform'
$GOOGL +29.0%
$FB +15.2%
$MSFT +13.0%
$NFLX +4.3%
$AMZN -0.2%
$AAPL -4.2%
-
Big tec‚Ä¶"
2021-04-07 23:02:42," @MarketRebels: $FB launching public test of live Q&amp;A product ""Hotline"" where creators can speak and take live questions from their audie‚Ä¶"
2021-04-07 23:02:21,"@DougyFinance $TWTR trying to pull off the ""Copy Paste"" magic put on by Zuck and friends over at $FB"
2021-04-07 23:02:17, @RedDogT3: This was the time to get excited about $fb. Now everyone chases at ATH‚Äôs @ScottWapnerCNBC @jonnajarian @petenajarian
2021-04-07 23:02:04,"$FB launching public test of live Q&amp;A product ""Hotline"" where creators can speak and take live questions from their audience"
2021-04-07 23:01:48," @Trading_Sunset: Closing chart: FAANGM, ytd perform'
$GOOGL +29.0%
$FB +15.2%
$MSFT +13.0%
$NFLX +4.3%
$AMZN -0.2%
$AAPL -4.2%
-
Big tec‚Ä¶"
2021-04-07 23:00:49,Don't miss our next FREE OPTION TRADE.  Sign up for our Daily Free Trades at https://t.co/NUSWWjOWnU $NVDA $TSLA $GS $C $WFC $GOOGL $FB
2021-04-07 23:00:08,Apple $AAPL Coca-Cola $KO McDonald's $MCD Amazon $AMZN Disney $DIS Nike $NKE Facebook $FB just to name a few üí∏ https://t.co/DuaSc7aYlG
2021-04-07 23:00:03,"„ÄêGAFAM„Äë
üì± $GOOG 2249.68 (+1.12%)
üõí $AMZN 3279.39 (+1.72%)
üìò $FB 313.09 (+2.23%)
üçé $AAPL 127.90 (+1.34%)
üñ• $MSFT 249‚Ä¶ https://t.co/ejdF5Ax4Gy"
2021-04-07 22:59:50,"4/8/21

pivot: 4068

above targeting 4085, 4094, 4119

below targeting 4056, 4050, 4038

$SPY $SPX $QQQ $NDX $TSLA‚Ä¶ https://t.co/x0PkqNUIFj"
2021-04-07 22:59:30,"Facebook Stock Chart Analysis, $FB April 2021 https://t.co/15Lrcn0CcH via @YouTube"
2021-04-07 22:55:15,"$AAPL it‚Äôs üçé Apple Inc will start enforcing a new privacy notification rule that digital advertising firms 
Faceboo‚Ä¶ https://t.co/KE1FiWQoc9"
2021-04-07 22:54:34," @TrendSpider: Still learning technical analysis and candlestick patterns?

By using our ""candlestick pattern recognition"" feature, you c‚Ä¶"
2021-04-07 22:53:08,"$iyt $lqd looking better since $tnx has slowed its roll.

$spy $psfe $qqq $tsla $pltr $aapl $amzn $twtr $fb $msft‚Ä¶ https://t.co/affspAvT7V"
2021-04-07 22:52:32,"Hotline bling $FB  @Drake 
https://t.co/YkljA1VzRD"
2021-04-07 22:52:18,"$ROKU +58%, simple levels pay big time

$SPY $AMZN $AAPL $BA $NFLX $TSLA $AMD $NVDA $FB $PYPL $DOCU $CRWD $ETSY $SQ $MSFT $BABA $ZM"
2021-04-07 22:52:07,Wow $FB is on fuego
2021-04-07 22:48:44," @LPellathy: Options Implied Volatility (30-Day)
$AAPL 127.9 IV 30.3%
$FB 313.09 IV 35.6%
$AMZN 3279.39 IV 28.5%
$GOOG 2249.68 IV 28.5%
$‚Ä¶"
2021-04-07 22:48:29," @skaushi: $FB Facebook does not plan to notify half-billion users affected by data leak

Good job!"
2021-04-07 22:47:56,ATH and still no love? $FB https://t.co/mUV4OAEiFQ
2021-04-07 22:47:34," @anandchokkavelu: # of people in the world with Internet access: 4.7 billion

# of people who use a $FB network monthly: 3.3 billion"
2021-04-07 22:47:33,Screen through high rated articles for US Tech Kings at once $AAPL $GOOG $FB https://t.co/KK4Qj8LBUV https://t.co/ShirkHp8wp
2021-04-07 22:47:11," @stephenLweiss: $VUZI is an innovator. Small companies are typically the technology innovators because they are hungrier, aren't prisone‚Ä¶"
2021-04-07 22:45:32," @BarrySchwartzBW: $FB $AAPL $AMZN $NFLX $MSFT $GOOG

that's the tweet"
2021-04-07 22:42:27," @TrendSpider: Still learning technical analysis and candlestick patterns?

By using our ""candlestick pattern recognition"" feature, you c‚Ä¶"
2021-04-07 22:42:24," @PsychoTrader00: Hey Psychos!

The Daily Recap has been posted. Check it out!

https://t.co/omoMIesueU

Sign up for free at https://t.co‚Ä¶"
2021-04-07 22:41:59,"#FANGMAN &amp; $SPX $QQQ YTD/since 2020

$SPX 8.6%/26.3%
$QQQ 5.7%/56%

$FB 14.6%/52.5%
$AMZN 0.7%/77.5%
$NFLX 1.2%/69%‚Ä¶ https://t.co/TWGkerAM1U"
2021-04-07 22:40:00,$penn $ino $mara $aal $tsla $opti $spy $srne $sunw  $dkng $aapl $hexo $boxl $ibio $vxrt $acb $nio $fb  $amc $gme‚Ä¶ https://t.co/7Z7Xa3OxmV
2021-04-07 22:37:51," @OpenOutcrier: RECAP 4/7 Chatter:
$SNAP + Acquires Screenshop
$IDEX + Electric Buses
$ZM + $FB Brings Zoom to Portal
$PSA + Activist vot‚Ä¶"
2021-04-07 22:37:44," @SatoshiAlien: $FB might have the edge right now, and could even have the better tech, but $AAPL entering the AR/VR fold will be the iPh‚Ä¶"
2021-04-07 22:35:56, @LaMonicaBuzz: Facebook is on a tear. $FB up more than 20% in the past month and is now at an all-time high. Cue the blinking. https://t‚Ä¶
2021-04-07 22:35:49,Is last year‚Äôs massive consumer tech upgrade cycle over? We answer in tonight's report using our favorite real-time‚Ä¶ https://t.co/eAMuKzINuN
2021-04-07 22:35:35,$FB +2.2% ATH https://t.co/quMs2rASnn
2021-04-07 22:34:18,Peter Thiel criticizes Google and Apple for being too close to China $PYPL $FB $GOOGL $AAPL $AMZN https://t.co/yEMSvgT5JF
2021-04-07 22:33:41, @BretKenwell: @stevenplace Or all of FAANG for that matter. several trillion dollars in market cap between $AMZN $FB $GOOGL $MSFT $AAPL‚Ä¶
2021-04-07 22:33:25," @MinteractApp: Wednesday's Top Flow in S&amp;P 500 #SP500, Buy Flow &amp; Sell Flow $FB $AMZN $GS $MSFT $WM $APD $CCL $EXPD $VLO $MRK $TSLA $ORC‚Ä¶"
2021-04-07 22:32:52," @stephenLweiss: $VUZI is an innovator. Small companies are typically the technology innovators because they are hungrier, aren't prisone‚Ä¶"
2021-04-07 22:31:56," @JerryCap: $FB tests Hotline, a Q&amp;A product that‚Äôs a mashup of Clubhouse and Instagram Live

""Another notable difference between Hotline‚Ä¶"
2021-04-07 22:29:17,Facebook launches public test of live Q&amp;A product Hotline $FB https://t.co/pSvwvwWRVQ
2021-04-07 22:28:10,"Options Implied Volatility (30-Day)
$AAPL 127.9 IV 30.3%
$FB 313.09 IV 35.6%
$AMZN 3279.39 IV 28.5%
$GOOG 2249.68 I‚Ä¶ https://t.co/yzDpatEW5M"
2021-04-07 22:27:27,"‚úÖ $FB: ""Facebook"" mentioned during Okta ""Okta Inc - Oktane21 Keynote and Investor Day"" event https://t.co/aDJAfX90F0"
2021-04-07 22:27:17," @TrendSpider: Still learning technical analysis and candlestick patterns?

By using our ""candlestick pattern recognition"" feature, you c‚Ä¶"
2021-04-07 22:26:51," @TrendSpider: Still learning technical analysis and candlestick patterns?

By using our ""candlestick pattern recognition"" feature, you c‚Ä¶"
2021-04-07 22:24:29,"$FB closed at $313.09 or all-time closing high. Beating both $QQQ and $SPY over last 1-year and 5-year periods.

Pe‚Ä¶ https://t.co/4qUEaWful4"
2021-04-07 22:22:33,"$NDX You want to short that setup ? no no no no no, Become a money making machine., click https://t.co/NhSksJXiwl‚Ä¶ https://t.co/ZAXWG0ob8H"
2021-04-07 22:21:09," @GoldRushAcademy: Market was balanced today but we caught a couple of runners üèÉ‚Äç‚ôÄÔ∏è 

Looks like tech is back!

$TWTR
$AAPL
$FB
$AMZN
$NV‚Ä¶"
2021-04-07 22:20:57,"$QQQ, OMG, just wait for that 8EMA to catch up, then the Bulls go to work. Become a money making machine., click‚Ä¶ https://t.co/TpAYLUiqzy"
2021-04-07 22:20:36,"$AMZN looks like it wants to run up to the 3363 level soon.
If it has a weekly close above there it's chart would l‚Ä¶ https://t.co/Kk8H5Haujk"
2021-04-07 22:20:19," @InvestingIan: Man life is good, enjoying a nice Mint and Lime Moscow Mule! I don‚Äôt care about my portfolios day to day stock movements‚Ä¶"
2021-04-07 22:20:16,"Market was balanced today but we caught a couple of runners üèÉ‚Äç‚ôÄÔ∏è 

Looks like tech is back!

$TWTR
$AAPL
$FB
$AMZN‚Ä¶ https://t.co/adaWZm6ndh"
2021-04-07 22:20:08," @PsychoTrader00: Hey Psychos!

The Daily Recap has been posted. Check it out!

https://t.co/omoMIesueU

Sign up for free at https://t.co‚Ä¶"
2021-04-07 22:20:00,$ino $mara $aal $tsla $boxl $opti $spy $srne $sunw $dkng $aapl $hexo $penn $fubo $ibio $cciv $vxrt $sndl $wkhs‚Ä¶ https://t.co/dQpcMbWwbg
2021-04-07 22:18:46,"Will $viac be over $45 by friday
$aapl $fb $sq $msft $Goog $roku $tme $gme $disca"
2021-04-07 22:18:19,"$SMH - Its just chilling while the 8EMA catches up, Become a money making machine., click https://t.co/NhSksJXiwl‚Ä¶ https://t.co/bBMqZKecHb"
2021-04-07 22:17:42,"$SNAP and $FB paid nicely today. 

$NVDA &amp; $AMD also had some nice prints. Looking for these to continue. 

Looking‚Ä¶ https://t.co/oEmqSJTYGs"
2021-04-07 22:17:23,"Idea: Facebook should acquire Match Group or Bumble and use their expertise to monetize the platforms.

$FB $MTCH $BMBL"
2021-04-07 22:16:11,"$AMD Fibonacci &amp; POC Price targets for AMD in the days ahead. Become a money making machine., click‚Ä¶ https://t.co/qSnfxzbg37"
2021-04-07 22:16:05,I summarized the thoughts of 49 respected #fintwit folks' on #stocks this evening for you #crowdsourcing. Top 20 ti‚Ä¶ https://t.co/OS0r54cfgN
2021-04-07 22:15:56,"$VIAC Flattening out_______________
Moving Averages ready to converge
to create Strong uptrend- Maybe 
Wolfe Upgrad‚Ä¶ https://t.co/ayobFqMSCd"
2021-04-07 22:14:20,"Man life is good, enjoying a nice Mint and Lime Moscow Mule! I don‚Äôt care about my portfolios day to day stock move‚Ä¶ https://t.co/KWdWtQeV56"
2021-04-07 22:14:13,Here is my FULL trading plan for tomorrow. $FB $MSFT $SNAP $TWTR $AAPL $QCOM $AMD (Click the Youtube link and go SU‚Ä¶ https://t.co/SHDJOJRXhr
2021-04-07 22:13:25,"$NVDA Nvidia $573.88 &amp; $589 major pivot targets, the Bulls in full control. Become a money making machine.‚Ä¶ https://t.co/zVpvIfzC6A"
2021-04-07 22:13:08,"Tickers with the most bearish news sentiment for 2021-04-07 as of 18:10:02 EST 
$TWTR $GOEV $VLDR $EH $UPS $BYND‚Ä¶ https://t.co/N23piPqwhw"
2021-04-07 22:13:00,"Time to Book for Summer! 2 Hours from L.A.
 
Lake view house for California outdoor fun &amp; #RemoteWork

Sequoias, Ke‚Ä¶ https://t.co/SYHPxumhKp"
2021-04-07 22:12:23,"Still learning technical analysis and candlestick patterns?

By using our ""candlestick pattern recognition"" feature‚Ä¶ https://t.co/sTjBAzssTU"
2021-04-07 22:10:57," @optiontradingpr: Options Trading Pro Cumulative P&amp;L for 4/5-4/7 $13,700.00 BOOM ü§ë Join US $nflx $roku $baba #dogecoin $doge $fb $aapl $‚Ä¶"
2021-04-07 22:09:26,04/06/21 #UOAWRAPUP NEAR ATM MASSIVE #CALLSELLING CALLING FOR A FLLOR IN THE STOCK $FB
2021-04-07 22:09:04,"Options Trading Pro Cumulative P&amp;L for 4/5-4/7 $13,700.00 BOOM ü§ë Join US $nflx $roku $baba #dogecoin $doge $fb‚Ä¶ https://t.co/7ryx5MY50u"
2021-04-07 22:07:43,"I will be coming home.
$pypl $spy $psfe $qqq $tsla $pltr $aapl $amzn $twtr $fb $msft $nflx $crm $penn $nvda $googl‚Ä¶ https://t.co/dwEv2so2fq"
2021-04-07 22:06:24,@CaptSolutions $FB as they expand their marketplace and the stock going high.
2021-04-07 22:05:33," @Q_dips_N_rips: $VERB Nice close üëå#Saas

*With the $ZM &amp; $FB package, I'm excited what they will do inside the #Cannabinoid #space"
2021-04-07 22:05:23,"$AAPL Bullish EMA crossover, setting up a move much higher, $130&amp;$135 short term targets. Become a money making mac‚Ä¶ https://t.co/uUt7tfYiMo"
2021-04-07 22:05:13," @DeNiro_Dinero: @my4pennystocks I am hoping $SFOR does either of these in order:

1. Buyout. This would be ideal. It makes sense for $ZM‚Ä¶"
2021-04-07 22:02:21," @JerryCap: $FB tests Hotline, a Q&amp;A product that‚Äôs a mashup of Clubhouse and Instagram Live

""Another notable difference between Hotline‚Ä¶"
2021-04-07 22:02:13,"$FB long idea over todays HOD, for tomorrow. Thats 314-315 depending on open. Day trade idea https://t.co/ZWcxC0OazQ"
2021-04-07 22:02:09," @SagaPartners: Here is Saga Partners' 2020 Year-end lnvestor Letter:

https://t.co/EfHWc3VevX

The letter discusses:
-Performance update‚Ä¶"
2021-04-07 22:00:31,"Quantitative investor @Randy_Watts_ ,  sees several years of outperformance in $FB $DIS and $V https://t.co/Lab4wRDhSQ"
2021-04-07 22:00:06,Declining social media sentiment for Facebook over the past week. 7 day avg score of -37 vs 14 day avg score of -15‚Ä¶ https://t.co/ZNoYifgx07
2021-04-07 22:00:01,"Today's Top Bullish Flow.... üêÇ

$AAPL $FB $EXPE $AMD $SQ $MSFT

üëâhttps://t.co/2s8fBPWEHe

#options #stockmarket‚Ä¶ https://t.co/aib09EnTO3"
2021-04-07 21:59:57,"Yes it was Mr. Dummy
#marketinternals
$spy $psfe $qqq $tsla $pltr $aapl $amzn $twtr $fb $msft $nflx $crm $penn‚Ä¶ https://t.co/yyxlJfWQGx"
2021-04-07 21:58:25," @SpiderMan_3s: $SPY Pivots -Support &amp; Resistance for T 4/8

$FB, $AMZN , $AAPL
$GOOG, $TSLA, $NFLX
$NVDA, $ABNB, $AMD
$MSFT, $SHOP, $SNO‚Ä¶"
2021-04-07 21:57:56," @BarrySchwartzBW: $FB $AAPL $AMZN $NFLX $MSFT $GOOG

that's the tweet"
2021-04-07 21:56:36," @JerryCap: $FB tests Hotline, a Q&amp;A product that‚Äôs a mashup of Clubhouse and Instagram Live

""Another notable difference between Hotline‚Ä¶"
2021-04-07 21:54:43,$FB hack got public last week and for the first time I received three (!) different phishing text messages today. C‚Ä¶ https://t.co/GxcnaFWQto
2021-04-07 21:53:13," @TopTickTerry: 4.7.21 Notes

Chopping around and left with an inside day. High and low both need to be corrected. She's winding up to ma‚Ä¶"
2021-04-07 21:52:57, @mktparticipants: 4/EOD recap: The rally has been narrow and centered in the #faang names which we discussed last weekend. Huge week for‚Ä¶
2021-04-07 21:52:47,"$SPY Pivots -Support &amp; Resistance for T 4/8

$FB, $AMZN , $AAPL
$GOOG, $TSLA, $NFLX
$NVDA, $ABNB, $AMD
$MSFT, $SHOP‚Ä¶ https://t.co/0neSki60rw"
2021-04-07 21:52:27," @stocksareeazy: Last weeks market recap out on my youtube guys, we will be releasing these every week so make sure you subscribe so you‚Ä¶"
2021-04-07 21:51:21,$FB  new alert at https://t.co/A7qrDarJHY  #stocks #daytrading  #NYSE #NASDAQ #market 733
2021-04-07 21:51:08," @timseymour: Whether it's baseball or quarterly results, a rejuvenated player can deliver big bang for the buck. While $FB is a consiste‚Ä¶"
2021-04-07 21:50:18,"Market Movers in the S&amp;P 500: 
L Brands Inc (3.62%) $LB
Twitter Inc (2.97%) $TWTR
Essex Property Trust Inc (2.52%)‚Ä¶ https://t.co/Z8bQFKdqIc"
2021-04-07 21:50:14," @JerryCap: $FB tests Hotline, a Q&amp;A product that‚Äôs a mashup of Clubhouse and Instagram Live

""Another notable difference between Hotline‚Ä¶"
2021-04-07 21:49:36," @JerryCap: $FB tests Hotline, a Q&amp;A product that‚Äôs a mashup of Clubhouse and Instagram Live

""Another notable difference between Hotline‚Ä¶"
2021-04-07 21:49:00,"Last weeks market recap out on my youtube guys, we will be releasing these every week so make sure you subscribe so‚Ä¶ https://t.co/hbH6yIEmzK"
2021-04-07 21:48:52,"$FB another all time high today 
Quality names ruling the tape."
2021-04-07 21:48:18," @IVFlow: Recap 4.7.21 ‚úçÔ∏è

Excellent day all around, made a few management errors &amp; expected more action on $SPY $QQQ but overall very sa‚Ä¶"
2021-04-07 21:48:12,"They have already thought of all of IT BEFORE!

I googled ""cute predators"" and this all came up first!

$spy $psfe‚Ä¶ https://t.co/E4Oe9L0jc7"
2021-04-07 21:46:56,"$FB Huge Winner since the breakout, $320.00 short term Fibonacci target. Become a money making machine.‚Ä¶ https://t.co/y0TgvvNDUM"
2021-04-07 21:46:09,"$FB, Bullish Reversal, at Support level R2 , 1 Minute, 17:46"
2021-04-07 21:46:08,@ripster47 Is $FB a good example of this?
2021-04-07 21:44:11,4/EOD recap: The rally has been narrow and centered in the #faang names which we discussed last weekend. Huge week‚Ä¶ https://t.co/0KIoZw8Zw8
2021-04-07 21:43:31,"$AMZN Perfect Trendline break today, $3315 next resistance. Come Join our Money making community.‚Ä¶ https://t.co/K20oi9Bgpg"
2021-04-07 21:42:17,"$FB tests Hotline, a Q&amp;A product that‚Äôs a mashup of Clubhouse and Instagram Live

""Another notable difference betwe‚Ä¶ https://t.co/qH7QI5EuI9"
2021-04-07 21:42:04," @ClayTrader25: Longtime student and member of the community, Dan, continues to inspire with his results! He‚Äôs been doing it for years no‚Ä¶"
2021-04-07 21:40:00,$penn $ino $mara $aal $tsla $opti  $spy $srne $sunw $dkng $aapl $fsr  $hexo $boxl $fubo $uxin $nok $vxrt $acb $amc‚Ä¶ https://t.co/FYfCPh0Hko
2021-04-07 21:38:21,"@eyeofscottie @xirtempest hmmm...i can relate to the ""tension"" but not the ""sexual variety"" with regards to my prod‚Ä¶ https://t.co/VKhcNcQuGV"
2021-04-07 21:37:50,Major Indexes Flat as a Pancake. $FB $GOOGL https://t.co/gmeW3hrmvF
2021-04-07 21:36:09,"$FB, Bullish Reversal, at Support level R2 , 1 Minute, 17:36"
2021-04-07 21:35:32," @MarketRebels: Wednesday Option Volumes:

$AAPL 1.451M (69% call 31% put)
$T 1.104M (92% call 8% put)
$TSLA 808K (58% call 42% put)
$SOS‚Ä¶"
2021-04-07 21:35:03,@benedictevans @MsHannahMurphy @joinClubhouse There's a reason $FB &amp; $GOOGL have a near duopoly in digital advertis‚Ä¶ https://t.co/Hdp6vqP5XY
2021-04-07 21:34:50,"TICKER: $FB
SIZE: 255,109
PRICE: $313.09
TIME: 16:43:39
AMOUNT: $79,872,077"
2021-04-07 21:33:40,@RickieFowls @TradeZer0 #tradezero if you want to CANCEL your promise you can NOT DENY client from making #withdraw‚Ä¶ https://t.co/TgkF4B0KbQ
2021-04-07 21:33:39,"Can anyone even see Atreyu?  Took me many minutes.
Forrest from the Trees?

$spy $psfe $qqq $tsla $pltr $aapl $amzn‚Ä¶ https://t.co/FZsHHuwREa"
2021-04-07 21:33:16,$AAPL $SQ $TSLA $AMZN $FB Top tickers with most sweep premium today courtesy of real-time dashboard from‚Ä¶ https://t.co/ic3LLB3K0U
2021-04-07 21:32:56," @MarketActionLv: Most Active #Options 04/07/21
$AAPL 69% Calls - 31% Puts
$T 92% Calls - 8% Puts
$TSLA 58% Calls - 42% Puts
$SOS 89% Cal‚Ä¶"
2021-04-07 21:32:44,"Most Active #Options 04/07/21
$AAPL 69% Calls - 31% Puts
$T 92% Calls - 8% Puts
$TSLA 58% Calls - 42% Puts
$SOS 89%‚Ä¶ https://t.co/UEqkSGxSAX"
2021-04-07 21:31:25,Below is insane offer from Trade Ideas. $17 per month and you get weekly A.I. Algorithmic swing trading set ups/tra‚Ä¶ https://t.co/Fepa4ZGRxo
2021-04-07 21:31:09,"$FB, Bullish Reversal, at Support level R2 , 1 Minute, 17:31"
2021-04-07 21:30:59,"Longtime student and member of the community, Dan, continues to inspire with his results! He‚Äôs been doing it for ye‚Ä¶ https://t.co/mU86EiF5GT"
2021-04-07 21:30:00,"Today's Most Active Puts...

$TSLA $WIX $FB $IRBT $AAPL $LAZR

üëâhttps://t.co/2s8fBPWEHe

#options #stockmarket‚Ä¶ https://t.co/Vuz0eC8nY6"
2021-04-07 21:29:24," @cfromhertz: TTG #Market Recap: https://t.co/9VSLxceRDB

- choppy day with weak breadth, FAANMG stocks outperformed $AAPL $GOOG $FB $AMZ‚Ä¶"
2021-04-07 21:28:58, @edsstokes: As a mega $fb bull not sure how I missed instagram already having 93m mau shoppers a month ago less than a year after rollin‚Ä¶
2021-04-07 21:28:48," @IVFlow: Recap 4.7.21 ‚úçÔ∏è

Excellent day all around, made a few management errors &amp; expected more action on $SPY $QQQ but overall very sa‚Ä¶"
2021-04-07 21:28:36,Subscription Video On Demand (SVOD) Industry Is Booming As Consumers Turn Away From Cable https://t.co/aHlTOKSjIZ‚Ä¶ https://t.co/uAoLnK8TxO
2021-04-07 21:27:52,"4.7.21 Notes

Chopping around and left with an inside day. High and low both need to be corrected. She's winding up‚Ä¶ https://t.co/Y7e31C2bFV"
2021-04-07 21:27:09,"$FB, Bullish Reversal, at Support level R2 , 1 Minute, 17:27"
2021-04-07 21:26:15,"$DKNG pinching between daily emas
$FB $GOOGL $MSFT (digital ads and cloud strength) making all time highs
$NFLX bro‚Ä¶ https://t.co/0uuP80eHl8"
2021-04-07 21:26:07," @1stsmartercheat: $tsla weekly

Do you see a Bear flag?

$pypl $spy $psfe $qqq $tsla $pltr $aapl $amzn $twtr $fb $msft $nflx $crm $penn‚Ä¶"
2021-04-07 21:25:48," @AaronKlein10X: $GME $ABNB $RIOT $MARA $FB $TSLA $SNOW and others. 

Private clients share all of the gains with zero stress. 

DM to in‚Ä¶"
2021-04-07 21:25:11,"@ElliotTurn @profgalloway Agreed that Kayvon is excellent but I wish we had a really great acquisition, $FB made 3‚Ä¶ https://t.co/ozhqFPUvhP"
2021-04-07 21:23:38," @cfromhertz: TTG #Market Recap: https://t.co/9VSLxceRDB

- choppy day with weak breadth, FAANMG stocks outperformed $AAPL $GOOG $FB $AMZ‚Ä¶"
2021-04-07 21:23:19,"ANALYSIS-White House, U.S. companies could agree on 25% tax rate, officials, business groups say $GOOG $FB $MRK‚Ä¶ https://t.co/r4WwT0p9z2"
2021-04-07 21:23:06, @musicnews360: #musicnews360 #biden #trump #hiphop #hiphopmusic #rap #rapmusic #trap #trapmusic #WSHH #flintmichigan #detroit #lansing #‚Ä¶
2021-04-07 21:22:59," @skaushi: $FB Facebook does not plan to notify half-billion users affected by data leak

Good job!"
2021-04-07 21:22:47,$XII US ARCA Institutional top: $HUM $ANTM $FB $CSCO. Selected by our stock screener: https://t.co/PVwxiZQx4d‚Ä¶ https://t.co/hKqCvP8EEB
2021-04-07 21:22:13,"Sierra Charts it IS!!!!  Thank you Awesome Person!

$pypl $spy $psfe $qqq $tsla $pltr $aapl $amzn $twtr $fb $msft‚Ä¶ https://t.co/3T7ONtOYfm"
2021-04-07 21:22:08,"$FB, Bullish Reversal, at Support level R2 , 1 Minute, 17:22"
2021-04-07 21:21:46,@JudiciaryGOP Lots of california ppl using stimulus checks to buy meth and then hospitalized repeatedly for heart f‚Ä¶ https://t.co/kvljbbLjdt
2021-04-07 21:21:41,"@DoubleWideCap I am gonna compare your image to ""monkey bars"" on TOS...which doesnt show over nights...to see if Po‚Ä¶ https://t.co/V8pTCtyxS3"
2021-04-07 21:21:21,"TTG #Market Recap: https://t.co/9VSLxceRDB

- choppy day with weak breadth, FAANMG stocks outperformed $AAPL $GOOG‚Ä¶ https://t.co/Se9q19aA97"
2021-04-07 21:20:32,Think you've missed out by not buying Facebook or Alphabet the last few years? Who can afford even one share of Alp‚Ä¶ https://t.co/UcK9v2TRz8
2021-04-07 21:20:00,$penn $ino $mara $aal $tsla $opti $spy $srne $sunw    $dkng $aapl $hexo $boxl $ibio $vxrt $acb $nio $fb   $amc $gme‚Ä¶ https://t.co/37VOSbTVsY
2021-04-07 21:18:49,"TICKER: $FB
SIZE: 133,396
PRICE: $313.09
TIME: 16:19:28
AMOUNT: $41,764,954"
2021-04-07 21:18:40, @RedDogT3: This was the time to get excited about $fb. Now everyone chases at ATH‚Äôs @ScottWapnerCNBC @jonnajarian @petenajarian
2021-04-07 21:17:59,"$SQ only play today. Scale for ~50%
$spy $qqq $amzn $aapl $nvda $rkt $ai $viac $disca $gme $nvda $amd $googl $wynn‚Ä¶ https://t.co/VAPpgqRxL6"
2021-04-07 21:17:54,"Smart TVs now account for half of all sets, in 70% of US TV homes  $viac $cmcsa $dis $nflx $aapl $t $sne $roku‚Ä¶ https://t.co/XwrnU1z2BP"
2021-04-07 21:17:29,"@jimcramer peak of #bitcoin will never come..because there are only 21M coins available, not to mention those lost‚Ä¶ https://t.co/CQt7U2tYAJ"
2021-04-07 21:17:20,$FB 317-318 tomorrow
2021-04-07 21:17:11, @musicnews360: #musicnews360 #biden #trump #hiphop #hiphopmusic #rap #rapmusic #trap #trapmusic #WSHH #flintmichigan #detroit #lansing #‚Ä¶
2021-04-07 21:17:08,"$FB, Bullish Reversal, at Support level R2 , 1 Minute, 17:17"
2021-04-07 21:16:02,"Closing chart: FAANGM, ytd perform'
$GOOGL +29.0%
$FB +15.2%
$MSFT +13.0%
$NFLX +4.3%
$AMZN -0.2%
$AAPL -4.2%
-
Big‚Ä¶ https://t.co/X600FOATza"
2021-04-07 21:15:29,"@byKatherineRoss I still like and only like bitcoin, $BTC $LTC $BCH #bitcoin #litecoin #bitcoincash $FB $AMD $AAPL‚Ä¶ https://t.co/TDmFL8Gr7m"
2021-04-07 21:15:29,"Day recap : $SNAP 

Snap 50c Jan 2022 swing sold  6  per contract  BOOM

Market is tough doing care-full trades‚Ä¶ https://t.co/fS3LLLHJTu"
2021-04-07 21:15:18,"$tsla weekly

Do you see a Bear flag?

$pypl $spy $psfe $qqq $tsla $pltr $aapl $amzn $twtr $fb $msft $nflx $crm‚Ä¶ https://t.co/AFtOahMSu9"
2021-04-07 21:14:38, @musicnews360: #musicnews360 #biden #trump #hiphop #hiphopmusic #rap #rapmusic #trap #trapmusic #WSHH #flintmichigan #detroit #lansing #‚Ä¶
2021-04-07 21:13:46, @musicnews360: #musicnews360 #biden #trump #hiphop #hiphopmusic #rap #rapmusic #trap #trapmusic #WSHH #flintmichigan #detroit #lansing #‚Ä¶
2021-04-07 21:13:15,@benedictevans @MsHannahMurphy @joinClubhouse Thats why I referenced radio to show apples to oranges. What are you‚Ä¶ https://t.co/oKJR7mo496
2021-04-07 21:12:46," @LiviamCapital: Signs of the times $FB

(They never tell you to buy it *before* the run up, cause you know, too much risk in that stock)‚Ä¶"
2021-04-07 21:12:43,"@my4pennystocks I am hoping $SFOR does either of these in order:

1. Buyout. This would be ideal. It makes sense fo‚Ä¶ https://t.co/s2j39Qmhxt"
2021-04-07 21:12:38,$viac $cmcsa $dis $nflx $aapl $t $sne $roku $amzn $disca $lgf $twtr $fox $fb $goog $snap $stx $mgm $quibi $prime‚Ä¶ https://t.co/79v2V3G62N
2021-04-07 21:11:28,"$tlry $mara $clf $fb $cmcsa
$msft $pfe $isig $nmtr

If you really want to make a HUGE profit on trading .. Choose t‚Ä¶ https://t.co/VePFatlhBY"
2021-04-07 21:10:51,Snap Acquires Screenshop App to Fuel Shopping Push  $viac $cmcsa $dis $nflx $aapl $t $sne $roku $amzn $disca $lgf‚Ä¶ https://t.co/lDs2kIpp78
2021-04-07 21:10:14,$LB and $FTI both gained over 3% and are Wednesday's top performing $SPX #stocks; $TWTR $ESS $FB $HES and $NVDA all‚Ä¶ https://t.co/3TY09W5OLf
2021-04-07 21:10:02,"Wish you all a great day ahead #friends!

Do not miss to #AnalyzeYourTrade, it helps #streamline your future‚Ä¶ https://t.co/RSdkvhIRJU"
2021-04-07 21:09:34,"[NASDAQ]
52W-NewHighÈäòÊüÑ/Communication Service
1: $IDCC 
2: $FB 
3: $GOOG 
4: $GOOGL 

https://t.co/tHVMiqTUyj

2021/4/8 6:9:33"
2021-04-07 21:08:57," @skaushi: $FB Facebook does not plan to notify half-billion users affected by data leak

Good job!"
2021-04-07 21:08:51,VOD &amp; OTT Aggregator Platform ScreenHits TV Launches First App  $viac $cmcsa $dis $nflx $aapl $t $sne $roku $amzn‚Ä¶ https://t.co/8PmljTlo7E
2021-04-07 21:08:47," @BizSuperstar: The Rich Get Richer: Jeff Bezos, Elon Musk Top Forbes' 2021 List Of World's Billionaires $AMZN $TSLA $FB https://t.co/IQz‚Ä¶"
2021-04-07 21:08:20, @Orbityl: @NStocks96 $FB was down $100 today? huh?
2021-04-07 21:08:15,"$VERB Nice close üëå#Saas

*With the $ZM &amp; $FB package, I'm excited what they will do inside the #Cannabinoid #space"
2021-04-07 21:07:54,Over thirty $SPX #stocks put in new 52 week highs Wednesday. Largest by marketcap include $MSFT $GOOG $GOOGL $FB‚Ä¶ https://t.co/aXHqojUxSI
2021-04-07 21:07:36," @MarketRebels: Wednesday Option Volumes:

$AAPL 1.451M (69% call 31% put)
$T 1.104M (92% call 8% put)
$TSLA 808K (58% call 42% put)
$SOS‚Ä¶"
2021-04-07 21:07:35,Why 'Godzilla vs. Kong' May Be a Pandemic Anomaly  $viac $cmcsa $dis $nflx $aapl $t $sne $roku $amzn $disca $lgf‚Ä¶ https://t.co/fJ7d31qaPj
2021-04-07 21:07:31," @profpennybags: Sold 1/2 of $FB @ 313

$FB 
Entry: 256
Target 1 - 282‚úÖ
Target 2 - 303‚úÖ"
2021-04-07 21:07:04,Hulu Introduces ‚ÄòOne Hulu‚Äô Redesign And Marketing Campaign  $viac $cmcsa $dis $nflx $aapl $t $sne $roku $amzn‚Ä¶ https://t.co/pjQP8HqSli
2021-04-07 21:06:28,$viac $cmcsa $dis $nflx $aapl $t $sne $roku $amzn $disca $lgf $twtr $fox $fb $goog $snap $stx $mgm $quibi $prime‚Ä¶ https://t.co/QHzOhj3nZP
2021-04-07 21:06:24,$FB  new alert at https://t.co/A7qrDarJHY  #stocks #daytrading  #NYSE #NASDAQ #market 711
2021-04-07 21:05:58,@AnthonyOhayon If people are freaking out about the volatility of a small cap growth stock... I would recommend‚Ä¶ https://t.co/9ZCkmrqxuf
2021-04-07 21:05:38,@StockMarketNerd @coinbase Great companies pivot over time and profits will always be found.  Typically if a busine‚Ä¶ https://t.co/eZThmWaKn9
2021-04-07 21:05:16,Why Some on Wall St Want AT&amp;T and Comcast to Spin Off Media Units  $viac $cmcsa $dis $nflx $aapl $t $sne $roku‚Ä¶ https://t.co/fwxhZEVhcQ
2021-04-07 21:05:10,"The Stock Market Went Nowhere, but Tesla and Other Growth Names Got Crushed $LB $TSLA $ZM $AAPL $FB https://t.co/WxEd7RVLGh"
2021-04-07 21:04:53," @ericaltm: $TWTR has already spaces, no idea why the news on Clubhouse is coming to light. 

Look at $FB and $SNAP. Facebook (instagram)‚Ä¶"
2021-04-07 21:04:50, @ipny12: @skaushi $FB Stock is going up even after data breach. Does investors aware of this or data breach no longer concern!!
2021-04-07 21:04:44,"@xirtempest Do you like to Pixie yourself? (opposite of TROLL) ?

$spy $spx $psfe $ndx $qqq $tsla $pltr $aapl $amzn‚Ä¶ https://t.co/51yBLdZyck"
2021-04-07 21:04:40," @Madhu_Kalapala: @Trendspider_J Market for now is more interested in actual revenues like $FB $AAPL $GOOG $MSFT $AMZN than future ""stori‚Ä¶"
2021-04-07 21:04:24,The stock mkt would have looked much worse today if not for a surge of money into the biggest tech names. Wed. move‚Ä¶ https://t.co/PrWjFa1wL2
2021-04-07 21:04:21,"After Hours Positive Volume Leaders

$SBBP $ELSE $CTRM $VRNT $CIG $LGHL $FLEX $FGEN $CBAT $VBIV $ATNX $UMC $HYLN‚Ä¶ https://t.co/zwSZz5jH4q"
2021-04-07 21:03:49, @ACInvestorBloc_: $ZM $FB Facebook Adds Zoom to Portal TV
2021-04-07 21:03:19," @361Capital: $SPX +0.15%, $NDX +0.3%, $TLT -0.65%
Low trading volumes persist
Several Fed speakers mostly talk of
stronger outlook and f‚Ä¶"
2021-04-07 21:02:53,"$SPX +0.15%, $NDX +0.3%, $TLT -0.65%
Low #trading volumes persist
ATH's in big tech: $MSFT $GOOG $FB
#MARKETS #WallStreet #US"
2021-04-07 21:02:47," @tsukilinee: $FB
facebook https://t.co/2FcBs2q2FR"
2021-04-07 21:02:39," @Keanureeves86j: Check out our discord group 
for trading Chatroom/community ‚òùÔ∏è
üìäüìà
$EDSA
$KODK
$DOW
$GNUS
$IDEX
$BSBS
$TSLA
$TAOP
$JFK
$‚Ä¶"
2021-04-07 21:02:14, @Street_Insider: Facebook $FB announced it is adding Zoom $ZM and more features to Portal https://t.co/r6XM02szq9 https://t.co/elblkRI6qL
2021-04-07 21:02:05," @juanmiguelworld: $SPX +0.15%, $NDX +0.3%, $TLT -0.65%
Low #trading volumes persist
ATH's in big tech: $MSFT $GOOG $FB
#MARKETS #WallStr‚Ä¶"
2021-04-07 21:01:46,"Consolidation for markets? Looking for leadership/catalysts for next move. Here is today's #Market Report!

$SPY‚Ä¶ https://t.co/jftZVFriGm"
2021-04-07 21:01:04,Don't miss our next FREE OPTION TRADE.  Sign up for our Daily Free Trades at https://t.co/jWzqhKmfBn $NVDA $TSLA $GS $REGN $BAC $GOOGL $FB
2021-04-07 21:00:40,"#TrendingTickers ( $SPX.X ):

$LB : 64.29 (0.04 %)
$TWTR : 68.99 (0.03 %)
$ESS : 282.83 (0.03 %)
$FB : 313.09 (0.02‚Ä¶ https://t.co/RAdbjpuMaI"
2021-04-07 21:00:01,"Today's Most Active Calls...

$TSLA $AAPL $FB $SQ $SOS $EXPE

üëâhttps://t.co/2s8fBPWEHe

#options #stockmarket‚Ä¶ https://t.co/GRDPh5kaci"
2021-04-07 20:59:06," @AaronKlein10X: $GME $ABNB $RIOT $MARA $FB $TSLA $SNOW and others. 

Private clients share all of the gains with zero stress. 

DM to in‚Ä¶"
2021-04-07 20:57:45,"Tomrrow‚Äôs #watchlist for #NYSE, #NASDAQ between $200 and $500: $ACN $ADBE $BRK.B $FB $IVV $IWF $MA $MCD $MSFT $PYPL $QQQ $ROKU $SPY $V $VOO"
2021-04-07 20:57:25,#musicnews360 #biden #trump #hiphop #hiphopmusic #rap #rapmusic #trap #trapmusic #WSHH #flintmichigan #detroit‚Ä¶ https://t.co/SQX316z6pb
2021-04-07 20:57:17,"$AMZN search ad business is expected to generate $14.53B this year, üìà its share of the market to 19%, up from 13.3%‚Ä¶ https://t.co/ERK1JjjhRJ"
2021-04-07 20:57:01,"Sold 1/3rd of $KOPN this morning, then stopped out of the rest late in the day for a 3.3% gain total. Sold $EXPE di‚Ä¶ https://t.co/JEYzVSsL7m"
2021-04-07 20:56:13, @QuantData: Deputy U.S. Treasury Secretary Adeyemo Says U.S. Will Not Support Digital Tax That Is Discriminatory Against American Tech C‚Ä¶
2021-04-07 20:56:00,"https://t.co/LWjXIublnK

$spy $spx $shop $ndx $qqq $tsla $pltr $aapl $amzn $twtr $fb $msft $nflx $gm $penn $nvda $googl $shop"
2021-04-07 20:55:47," @OrchardTraders: Doing my market research &amp; every major loser was a tech growth story, as investors are bowing out &amp; looking to the majo‚Ä¶"
2021-04-07 20:55:39, @Trade_The_News: $FB Said to be testing a Q&amp;A product called Hotline which combines styles of Clubhouse with Instagram Live - blog (Face‚Ä¶
2021-04-07 20:55:32," @Trading_Sunset: Facebook $FB broke a new hist' high, settling +2.2% to $313.09. Note the recent break above trend... a back test... and‚Ä¶"
2021-04-07 20:55:29," @MarcoDaCostaFX: #WallStreet üá∫üá∏ Today‚Äôs #Option Volumes:

$AAPL 1.451M (69% call 31% put)
$T 1.104M (92% call 8% put) 
$TSLA 808K (58% c‚Ä¶"
2021-04-07 20:55:26, @Clownbuck: I like the stocks $MO $FB
2021-04-07 20:54:29, @canuck2usa: $GOOGL $FB $NFLX and $AMZN resilient so far intraday
2021-04-07 20:53:51,I like the stocks $MO $FB https://t.co/AOrhZjOGdm
2021-04-07 20:53:07,"$FB, Bullish Reversal, at Support level R2 , 1 Minute, 16:53"
2021-04-07 20:53:01," @MarketRebels: Wednesday Option Volumes:

$AAPL 1.451M (69% call 31% put)
$T 1.104M (92% call 8% put)
$TSLA 808K (58% call 42% put)
$SOS‚Ä¶"
2021-04-07 20:53:00, @_ms_izzy: the big boys came to play this April $FB $MSFT $AMZN $GOOGL with some nice bounces in $TWTR $SNAP $ROKU $SQ https://t.co/UerO‚Ä¶
2021-04-07 20:52:07,"$FB, Bearish Reversal, at Resistance level R2 , 1 Minute, 16:52"
2021-04-07 20:51:00, @_ms_izzy: the big boys came to play this April $FB $MSFT $AMZN $GOOGL with some nice bounces in $TWTR $SNAP $ROKU $SQ https://t.co/UerO‚Ä¶
2021-04-07 20:50:25," @MarcoDaCostaFX: #WallStreet üá∫üá∏ Today‚Äôs #Option Volumes:

$AAPL 1.451M (69% call 31% put)
$T 1.104M (92% call 8% put) 
$TSLA 808K (58% c‚Ä¶"
2021-04-07 20:50:13," @IVFlow: Recap 4.7.21 ‚úçÔ∏è

Excellent day all around, made a few management errors &amp; expected more action on $SPY $QQQ but overall very sa‚Ä¶"
2021-04-07 20:50:05," @HeroDividend: ‚ö°Ô∏èINVEST IN THE FUTURE‚ö°Ô∏è

Big data: $PLTR
Teleheath: $TDOC
Mobile gaming: $SKLZ
Sports betting: $DKNG
Real estate: $OPEN‚Ä¶"
2021-04-07 20:49:56,Latest readings for $SPX $NDX $RUT $AAPL $AMZN $FB $TSLA $ARKK $MSFT $GOOGL &amp; others. Lots of bullish activity in‚Ä¶ https://t.co/pjsFb9WBRr
2021-04-07 20:48:38,the big boys came to play this April $FB $MSFT $AMZN $GOOGL with some nice bounces in $TWTR $SNAP $ROKU $SQ https://t.co/UerOgE9sMT
2021-04-07 20:47:43," @MarketRebels: Wednesday Option Volumes:

$AAPL 1.451M (69% call 31% put)
$T 1.104M (92% call 8% put)
$TSLA 808K (58% call 42% put)
$SOS‚Ä¶"
2021-04-07 20:47:36,"#WallStreet üá∫üá∏ Today‚Äôs #Option Volumes:

$AAPL 1.451M (69% call 31% put)
$T 1.104M (92% call 8% put) 
$TSLA 808K (5‚Ä¶ https://t.co/lXWvIUEfkR"
2021-04-07 20:47:32,"**Started trading with $5k, down to $3k, back up to $40k, Big thanks to this community: https://t.co/r68T141Zwi‚Ä¶ https://t.co/Gj44nwdOYs"
2021-04-07 20:47:31,"Facebook $FB broke a new hist' high, settling +2.2% to $313.09. Note the recent break above trend... a back test...‚Ä¶ https://t.co/hzKWVOXETo"
2021-04-07 20:47:22," @ZAechnical: Global Minimum Tax Proposal - 21%
Biden US proposal - 28%

FANG provision for tax - FY20

$AAPL       14.4%
$FB‚Ä¶"
2021-04-07 20:46:27," @MarketRebels: Wednesday Option Volumes:

$AAPL 1.451M (69% call 31% put)
$T 1.104M (92% call 8% put)
$TSLA 808K (58% call 42% put)
$SOS‚Ä¶"
2021-04-07 20:46:15," @MarketRebels: Wednesday Option Volumes:

$AAPL 1.451M (69% call 31% put)
$T 1.104M (92% call 8% put)
$TSLA 808K (58% call 42% put)
$SOS‚Ä¶"
2021-04-07 20:46:06,"Microsoft, Facebook und Alphabet hit new all-time highs again. We excpect $FB, $MSFT, $GOOGL to continue to rally.‚Ä¶ https://t.co/qRzh0rtaKc"
2021-04-07 20:44:30," @MarketRebels: Wednesday Option Volumes:

$AAPL 1.451M (69% call 31% put)
$T 1.104M (92% call 8% put)
$TSLA 808K (58% call 42% put)
$SOS‚Ä¶"
2021-04-07 20:44:23," @MarketRebels: Wednesday Option Volumes:

$AAPL 1.451M (69% call 31% put)
$T 1.104M (92% call 8% put)
$TSLA 808K (58% call 42% put)
$SOS‚Ä¶"
2021-04-07 20:44:20,"Helped me get my account green all time. Thanks 
‚ù§Ô∏èüëèüìà‚òùÔ∏è
$SPY $ES $ADBE $AMZN $MSFT $AAL $ROKU $BABA $CRM $GOOGL $FB‚Ä¶ https://t.co/wa6AbD18AG"
2021-04-07 20:44:09," @MarketRebels: Wednesday Option Volumes:

$AAPL 1.451M (69% call 31% put)
$T 1.104M (92% call 8% put)
$TSLA 808K (58% call 42% put)
$SOS‚Ä¶"
2021-04-07 20:43:40,"Wednesday Option Volumes:

$AAPL 1.451M (69% call 31% put)
$T 1.104M (92% call 8% put)
$TSLA 808K (58% call 42% put‚Ä¶ https://t.co/je0JMLMDNN"
2021-04-07 20:42:57,"üèõ | $DJIA $SPY  $TSLA $MSFT
 $AAPL $GOOGL $FB $AMZN 
Stock Market Rally Pauses Amid Biden Tax Hike Plans, But Apple‚Ä¶ https://t.co/5UpYrqiire"
2021-04-07 20:42:07,"$FB, Bearish Reversal, at Resistance level R2 , 1 Minute, 16:41"
2021-04-07 20:41:48,"Doing my market research &amp; every major loser was a tech growth story, as investors are bowing out &amp; looking to the‚Ä¶ https://t.co/ZZP6qMv88A"
2021-04-07 20:41:34," @anandchokkavelu: $AMZN's U.S. digital ad sales share: 10.3%.

The Duopoly is getting ever closer to The Oligopoly... $GOOG is at 28.9%‚Ä¶"
2021-04-07 20:41:32, @BArmstrong_TDA: #NASDAQ100 closed up 0.28% even though 70% of stocks in this index were down today.  Leaders: $NVDA $FB $AMZN $AAPL $GO‚Ä¶
2021-04-07 20:41:02, @BArmstrong_TDA: S&amp;P500 close up .14% today with the Technology &amp; Communication strategies at the front of the pack.  Leaders: $TWTR $FB‚Ä¶
2021-04-07 20:40:58,$FB Said to be testing a Q&amp;A product called Hotline which combines styles of Clubhouse with Instagram Live - blog (‚Ä¶ https://t.co/XGbdie0FVm
2021-04-07 20:40:26,"$FB - One of the great potential stock in OTC.

$SCIE $BRLL $LRDR $MTVX $PFMS $NOK $FTEG $SNDL $ADHC $GFTX $ICNM‚Ä¶ https://t.co/N8BhJte9J9"
2021-04-07 20:40:24," @BballCrazyRose2: Added to my long pos in $FB @ 251.61 

the 200 day support in around 246"
2021-04-07 20:40:15," @IVFlow: Recap 4.7.21 ‚úçÔ∏è

Excellent day all around, made a few management errors &amp; expected more action on $SPY $QQQ but overall very sa‚Ä¶"
2021-04-07 20:40:10,The Nasdaq Eked Out A Win . Here's Why. $QQQ $FB $NVDA $AMZN $TSLA https://t.co/W5346Alin9
2021-04-07 20:40:00,$penn $ino $mara $aal $tsla $opti $spy $srne $sunw  $dkng $aapl $hexo $boxl $ibio $vxrt $acb $nio $fb   $gme $fsr‚Ä¶ https://t.co/5L5CVWT3IJ
2021-04-07 20:37:19,"$SPX +0.15%, $NDX +0.3%, $TLT -0.65%
Low #trading volumes persist
ATH's in big tech: $MSFT $GOOG $FB
#MARKETS #WallStreet #US"
2021-04-07 20:35:16,"Best discord group over 80k members and even have their own app join here 

$TSLA $NVDA $BABA $ZM $TLRY $ABNB $PYPL‚Ä¶ https://t.co/UaF16NPB1n"
2021-04-07 20:34:18,Facebook testing new live creator Q&amp;A product Hotline $FB $TWTR https://t.co/1ojpCpNkuC
2021-04-07 20:34:08,"On $FB...
""Facebook Inc., where Thiel sits on the board of directors.""

‚ÄúThere‚Äôs been outright censorship,‚Äù Thiel s‚Ä¶ https://t.co/ocDwlyFBIB"
2021-04-07 20:34:08,"Thiel is a real dichotomy on both BTC and $FB:

On BTC...
-‚Äúdescribed himself as a 'pro-crypto, pro-Bitcoin maximal‚Ä¶ https://t.co/eR2Q4E4pTB"
