2021-04-08 23:59:56, @lionofwst: $BTCS loaded massive news! Charlie Lee joins board of director @litecoin @SatoshiLite $BTC $ETH $LTC $XRP $OTC $SPY $TSLA‚Ä¶
2021-04-08 23:59:52," @TeslaPodcast: Alex Potter comments on $TSLA after the company's Q1 delivery beat:

https://t.co/pvaXyGB4me"
2021-04-08 23:59:44," @useless_trader: $TSLA Tesla smashing it üî•

+5% today so far https://t.co/CzzKbXRBjJ"
2021-04-08 23:59:41, @Right__Stocks: $penn $ino $mara $aal $tsla $opti $spy $srne $sunw  $dkng $aapl $hexo $boxl $ibio $vxrt $acb $nio $fb     $amc $gme $fsr‚Ä¶
2021-04-08 23:59:37," @NStocks96: $TSLA on this backtest hold of 695, 693 would be best signs for bulls now 697. Needs back thru 703."
2021-04-08 23:59:34," @CeliaGr77578365: ***$7000 into $35k in the last 31 days!!!,,.... If you really want to make big profit on trading then check out this c‚Ä¶"
2021-04-08 23:59:30," @CeliaGr77578365: ***$7000 into $35k in the last 31 days!!!,,.... If you really want to make big profit on trading then check out this c‚Ä¶"
2021-04-08 23:59:26, @ElonsWorld: Who doesn't love Giga Shanghai? üñ§ $TSLA https://t.co/hOR70N7y1n
2021-04-08 23:59:26," @mirekbujna: New #Tesla Cybertruck photos? $TSLA

Source: https://t.co/Ab9Lvikx73 https://t.co/7jVuJo0NBO"
2021-04-08 23:59:23," @blondedalt: $NIO back to $40, $TSLA back at $700"
2021-04-08 23:59:19," @DantesArb: Top open interest today
$GILD
$BAC
$SNAP
$SIRI
$UBER
$MU
$CSCO
$VIAC
$TSLA
$PSXP
$FINV https://t.co/HLIiSglKMA"
2021-04-08 23:59:16, @sspencer_smb: $TSLA has been *sell the news* so far. did hold S3 but that was probably helped by $QQQ making a new high... https://t.co‚Ä¶
2021-04-08 23:59:12," @TripleDTrader: @SalvParadise They might. Bottom line, competition about to get intense for $TSLA."
2021-04-08 23:59:09," @WCoastGuynCA: @mehul8797 $NMGRD.¬†¬† Noveau Monde Graphite 
Substantially undervalued.

""Graphite is the new gold.""

One p.r. could doubl‚Ä¶"
2021-04-08 23:59:05, @OppayahTwitR: JP Morgan is trying to get back into $TSLA by lowering PT. What a joke!
2021-04-08 23:59:01," @Teslarati: Tesla $TSLA receives ‚ÄòOutperform‚Äô rating after ‚Äòdropping the mic‚Äô with Q1 numbers
https://t.co/LPA3xewT5H by @ResidentSponge"
2021-04-08 23:58:59,"Tomorrow is gonna be insane. Get rest!

$tsla $aapl $nflx $ba $spy $rice"
2021-04-08 23:58:58, @ElonsWorld: Cumulative Tesla vehicles worldwide $TSLA https://t.co/3j8xqw4SRB
2021-04-08 23:58:58, @IG_Traderoom: $APPL: Doesn‚Äôt get any more simple than this we had a 123 retest in the morning and pulled the trigger stellar move by Ap‚Ä¶
2021-04-08 23:58:50," @HalloFeld: $TSLA back to 780-800 within the next 3 weeks seems likely.
So far the pattern is pretty much a copy of last years drop (the‚Ä¶"
2021-04-08 23:58:47," @garyblack00: Retweeting. I have raised my $TSLA FY‚Äô21 delivs to 860K from 800K (+8%), and FY‚Äô21 Adj EPS to $5.00 from $4.50 (+11%). Thi‚Ä¶"
2021-04-08 23:58:43," @HumbleEngTrader: Since calling $TSLA from low $600s went to low $700s, I'm continuing to sell and trim my position. Now up over 500% of‚Ä¶"
2021-04-08 23:58:39," @patrickq007: The KIA EV6 GT - yet another awesome EV car essentially matching Tesla specs. As usual, I await comments from the $TSLA cr‚Ä¶"
2021-04-08 23:58:36, @BusinessKing58: @OmarAboelazm I really want to see $TSLA $705+ today
2021-04-08 23:58:32," @squawksquare: So I looked at $TSLA order configurations, did a bunch of research, read reviews and am going to take everyone's advice a‚Ä¶"
2021-04-08 23:58:28," @CBLoptsFeed: 10:38 -&gt; OTM Call, TSLA 210416C710,  | at 10:38-&gt; 107 contracts, w/ $24.90,  | at 10:35-&gt; 95 contracts, w/ $27.00,  OI =12‚Ä¶"
2021-04-08 23:58:21," @CBLoptsFeed: 10:38 -&gt; OATM Call, TSLA 210416C705,  | at 10:38-&gt; 78 contracts, w/ $27.65,  | at 10:35-&gt; 102 contracts, w/ $29.17,  OI =9‚Ä¶"
2021-04-08 23:58:18," @CBLoptsFeed: 10:38 -&gt; ATM Call, TSLA 210416C700,  | at 10:38-&gt; 387 contracts, w/ $29.40, 1.1 million.  | at 10:35-&gt; 396 contracts, w/ $‚Ä¶"
2021-04-08 23:58:14," @CBLoptsFeed: 10:38 -&gt; IATM Call, TSLA 210416C695,   | at 10:35-&gt; 75 contracts, w/ $34.25,  OI =681 , when $TSLA at 700.19"
2021-04-08 23:58:10," @CBLoptsFeed: 10:38 -&gt; ATM Put, TSLA 210409P700,  | at 10:38-&gt; 515 contracts, w/ $21.70, 1.1 million.  | at 10:35-&gt; 422 contracts, w/ $2‚Ä¶"
2021-04-08 23:58:07," @CBLoptsFeed: 10:38 -&gt; OATM Put, TSLA 210409P695,  | at 10:38-&gt; 263 contracts, w/ $19.24,  | at 10:35-&gt; 231 contracts, w/ $18.11,  OI =1‚Ä¶"
2021-04-08 23:58:07,@Goldfiinger77 @agusnox @PathosBedlam The (upcoming) ICE ban in some countries only means that ALL car manufacturer‚Ä¶ https://t.co/Turm1bn8O0
2021-04-08 23:57:59, @StckPro: $ALSN $TSLA $VWAGY NEW AICLE : Goldman Sachs EV Stocks: Analysts Recommend Fueling Up With These 6 Stocks https://t.co/4PCCh‚Ä¶
2021-04-08 23:57:57,"$SPX broke $4085 today after 2 days of consolidation
üìà$4100 &amp; $4135, $4160 

$TSLA gap above $685 heads to
üìà$700-70‚Ä¶ https://t.co/n1PtDfAKJF"
2021-04-08 23:57:56," @CBLoptsFeed: 10:38 -&gt; OTM Put, TSLA 210409P690,  | at 10:38-&gt; 129 contracts, w/ $16.90,   OI =629 , when $TSLA at 700.19"
2021-04-08 23:57:52, @Right__Stocks: $penn $ino $mara $aal $tsla $opti $spy $srne $sunw  $dkng $aapl $hexo $boxl $ibio $vxrt $acb $nio $fb    $amc $gme $fsr‚Ä¶
2021-04-08 23:57:48," @JCOviedo6: How it started.              How it's going.

$TSLA https://t.co/DmK0Pbws60"
2021-04-08 23:57:45," @StockMKTNewz: Top 15 trending stocks on WallStreetBets over the 24 hours

1 Tesla $TSLA
2 GameStop $GME
3 Academy Sports $ASO
4 Palanti‚Ä¶"
2021-04-08 23:57:41," @LieDete28487405: @business Find online list of the surrounding lawsuits &amp; controversies of Tesla automotive &amp; energy, since 2008; as of‚Ä¶"
2021-04-08 23:57:38,"This week's top 5 holdings across Front users! What are you investing in?

*Not a recommendation to buy/sell a spec‚Ä¶ https://t.co/PuEcFv2qzC"
2021-04-08 23:57:37," @MilMileBattery: One of the best days of your life is arriving at your local $TSLA @Tesla Service Center, picking up your new Model SEXY‚Ä¶"
2021-04-08 23:57:34," @StephenRandolph: $tsla what have we learned today and margins matter.  

The stock is priced for growth and just hitting targets or sma‚Ä¶"
2021-04-08 23:57:27," @CBLoptsFeed: 10:38 -&gt; OATM Call, TSLA 210409C705,   | at 10:35-&gt; 160 contracts, w/ $18.70,  OI =933 , when $TSLA at 700.19"
2021-04-08 23:57:23," @CBLoptsFeed: 10:38 -&gt; ATM Call, TSLA 210409C702.5,  | at 10:38-&gt; 158 contracts, w/ $17.65,  | at 10:35-&gt; 147 contracts, w/ $19.85,  OI‚Ä¶"
2021-04-08 23:57:20," @CBLoptsFeed: 10:38 -&gt; ATM Call, TSLA 210409C700,  | at 10:38-&gt; 1310 contracts, w/ $18.72, 2.5 million.  | at 10:35-&gt; 1772 contracts, w/‚Ä¶"
2021-04-08 23:57:16," @BreakoutPoint: Retail Popularity

Most discussed premarket
#1 $GME
#2 $TSLA
#3 $ASO
#4 $PLTR
#5 $AMC
https://t.co/IZ5xQx4BAm"
2021-04-08 23:57:12, @BrokeBoiAlerts: Day 7 $fb gave me a nice pop near open and rode it for some good gaind and $tsla usually just fades with these type of‚Ä¶
2021-04-08 23:57:11, @FirpiRicky: What a great moment to start squeezing $TLRY. I noticed $SOS was just a bluff yesterday so don‚Äôt waste the opportunity on t‚Ä¶
2021-04-08 23:57:09, @MilMileBattery: $TSLA really going to pretend $700 is resistance? Please üòÇ
2021-04-08 23:57:01, @theflynews: Charged: Wedbush says buy Tesla after 'paradigm changer' deliveries $TSLA $NIO $XPEV $AAPL $GOEV $GM $F $FSR $RMO $BEP $SED‚Ä¶
2021-04-08 23:56:57," @WCoastGuynCA: @IG_Traderoom $NMGRD.¬†¬† Noveau Monde Graphite 
Substantially undervalued.

""Graphite is the new gold.""

One p.r. could do‚Ä¶"
2021-04-08 23:56:50," @jaimejmzdaman: @GerberKawasaki Ross, you have never published anything more than bullying Gordon, how about showing your analysis, your‚Ä¶"
2021-04-08 23:56:46, @EnvyV07: $TSLA not much profit taking. Watch it over 700
2021-04-08 23:56:42, @RedDogT3: $tsla chart to go morning video https://t.co/uR7teJpVPn https://t.co/G5hdLndYAz
2021-04-08 23:56:38," @garyblack00: 2/ Other than Wedbush ($1,000, up from $950; new Outperform) and JPM ($155, up from $135, maintain Sell) analysts have so‚Ä¶"
2021-04-08 23:56:35," @FuturaeVitae: @damecst @ArieLJLit @squawksquare Any moment, market is drunken voting, gambling irrationally. Over time a weighing machi‚Ä¶"
2021-04-08 23:56:31, @LT_AndresH: @englishfluencyn You're correct! $TSLA is a great opportunity. I think another choice could be UBER or NETFLIX. I don¬¥t mon‚Ä¶
2021-04-08 23:56:27," @greenprintmomo: $VMHG @Victory_Yachts PINK CURRENT COMING

‚ö°Ô∏èPOSSIBLE NASDAQ LISTING 
‚ö°Ô∏èMILITARY CONTRACTS WITH ARMACRAFT 
‚ö°Ô∏è 6.8 MILLI‚Ä¶"
2021-04-08 23:56:24," @garyblack00: $TSLA acting about as expected ($692 +4.5%) following +7% 1Q delivery beat, which has caused Street to increase FY‚Äô21 deli‚Ä¶"
2021-04-08 23:56:20, @MilMileBattery: $TSLA still trading under notion that macroeconomics are more important than company performance and fundamentals
2021-04-08 23:56:17,@Camadamus @michael_saylor @HSBC_CA @MicroStrategy I dare you to buy some $TSLA
2021-04-08 23:56:16, @Quashingt_n: Also like ~85% of my@life savings are tied to $TSLA so it‚Äôs really hard to not pay attention to it
2021-04-08 23:56:13, @victoriousBEYEG: $TSLA 706 721 is all we need today for entire market
2021-04-08 23:56:08, @CastorpDr: It's about time a quality investigative German journal such as @SZ_Investigativ @SZ   did a piece on $TSLA. Happy to point y‚Ä¶
2021-04-08 23:56:05, @davidmoadel: GameStop shares drop as much as 14% after Reddit-driven name plans a $1 billion stock sale https://t.co/iAi91CWjLr $SPY $Q‚Ä¶
2021-04-08 23:56:01," @TradeKast: $NQ_F üîëLevels - Apr 6/7

12875 - Monthly Pivot
12966 - Quarterly Pivot
13046 - Bottom of Expected Weekly Range
13141 - Weekl‚Ä¶"
2021-04-08 23:55:57, @themodern300: This is how I #diversify my portfolio. #doge $TSLA https://t.co/ib0GPVc5Y9
2021-04-08 23:55:54," @StonkstoMoon: This is a damn fine simulation and I‚Äôm leaving a hefty tip on my way out.

Some more amazing  Reddit DD~

~this rabbit ho‚Ä¶"
2021-04-08 23:55:53, @mooroobee: It feels like what Tesla got planned for Texas is bigger than just GigaTexas. That‚Äôs probably why they have purchased an eno‚Ä¶
2021-04-08 23:55:50, @ericaltm: @CapitalPrivate1 @ARKInvest @CathieDWood @CNBC A solar roof is inefficient $TSLA
2021-04-08 23:55:46, @Nikokleinn: @yasuomoi @28delayslater @WholeMarsBlog @M0scovium @Nikola_Truth @MilMileBattery @AlistairInvest @tesla_master @iliketeslas‚Ä¶
2021-04-08 23:55:42," @ClairvoyantINVT: $VPER Merger and Acquisition &amp; 700M shares retirement!!!!!üöÄüöÄüöÄüöÄüöÄüöÄüöÄüöÄüöÄüöÄüöÄüöÄüöÄüöÄüöÄüöÄüöÄüöÄüöÄüöÄüöÄ
#stocks $TSLA $BTX $PHUN #bitcoin #FOM‚Ä¶"
2021-04-08 23:55:42,"This is a damn fine simulation and I‚Äôm leaving a hefty tip on my way out.

Some more amazing  Reddit DD~

~this rab‚Ä¶ https://t.co/72VHGZCynF"
2021-04-08 23:55:35," @EconomicManBlog: @CastorpDr @MuskShort That is precisely why $TSLA will die before $BTC.

$BTC is tethered to nothing. There are no val‚Ä¶"
2021-04-08 23:55:31, @PlainSite: @JCOviedo6 You might be referring to this call... $TSLA https://t.co/Puv9B7bICn
2021-04-08 23:55:27," @MarketRebels: More bullish #UnusualActivity in $TSLA spotted! 2,400 23April 750 calls bought for $14.20-16.10 above open interest of 1,‚Ä¶"
2021-04-08 23:55:24," @QuantData: Why Grayscale Bitcoin Trust Is Gaining the Upper Hand Over Tesla: Bloomberg's Crypto Report

Related Tickers: $$BTC $TSLA
Re‚Ä¶"
2021-04-08 23:55:22,@madprogrammer2 @AfMusk @Goldfiinger77 The problem is that $TSLA ‚Äòs announced GWh numbers don‚Äôt match with reality so far.
2021-04-08 23:55:12,"$TSLA - Daily
-&gt; Perfect setup going into tomorrow. Held 8ema, emas all stacked together, ready for an explosive mo‚Ä¶ https://t.co/b1lvBAkN02"
2021-04-08 23:54:54, @TeslaOpinion: $TSLA is a must own stock. https://t.co/Vm94THJqfJ
2021-04-08 23:54:50,"@jonnyrubin10 It‚Äôs like #Lithium #Cobalt #Nickel and $TSLA 

The #Energy into......"
2021-04-08 23:54:47,@donmegaalpha Love selling Ditm long term leap with most extrinsic value PUTS. but selling weekly ITM short term co‚Ä¶ https://t.co/oPKX76ouOG
2021-04-08 23:54:37," @facts_tesla: Well, it turns out that shorting $TSLA is bad for business (who knew?!)

Jim Chanos' @WallStCynic assets under management‚Ä¶"
2021-04-08 23:54:30,"the $TSLA story doesn't affect me as much as bitcoin's, because even though I was literally one click away from buy‚Ä¶ https://t.co/MT9VUafZOn"
2021-04-08 23:54:30,"Long story short, $TSLA went up 20x from 2019, 10x in 2020 alone (high: $900). 

If I had made the $100k wire trans‚Ä¶ https://t.co/xfM0E5UCVH"
2021-04-08 23:54:29,"Price was around $88, already way higher than before. 

If you look at the chart, $TSLA it was having a pump in the‚Ä¶ https://t.co/6lRiaOMrt6"
2021-04-08 23:54:29,"On Jan 3rd, 2020, I finally opened a broker account specifically to buy $TSLA and nothing else. 

My $100k savings‚Ä¶ https://t.co/E82ih8QHX1"
2021-04-08 23:54:28,"3. TESLA

In 2019, I wanted to start buying normal stocks. Not any stock, I wanted $TSLA. Price was ~$50.

But I'm‚Ä¶ https://t.co/9KGIF1jRZo"
2021-04-08 23:53:49," @MilMileBattery: One of the best days of your life is arriving at your local $TSLA @Tesla Service Center, picking up your new Model SEXY‚Ä¶"
2021-04-08 23:53:36, @ElonsWorld: Cumulative Tesla vehicles worldwide $TSLA https://t.co/3j8xqw4SRB
2021-04-08 23:53:20," @squawksquare: Just a stream of terrible news for $TSLA today.
1. Norway is breaking records
2. Supply constraints aren't affecting Tesl‚Ä¶"
2021-04-08 23:53:18,@gatica1813 I'm all in on $TSLA.
2021-04-08 23:53:06, @vincent13031925: Franz von Holzhausen @woodhaus2 with Cybertruck Join Tesla China Design Team Recruit Video for Possible Localized $25K‚Ä¶
2021-04-08 23:53:02,$TSLA is going to gap up tomorrow. PR after PR after PR today.. Sheshhh üî• #cyberlandr https://t.co/P637Z3hTQD
2021-04-08 23:52:39," @BackpackerFI: Some of my favorite disruptors-

Banking üè¶ $SQ 
Fitness üö¥ $PTON
Real Estate üè° $RDFN
Auto üöó $TSLA
Energy ‚ö°Ô∏è $ENPH
Gaming $‚Ä¶"
2021-04-08 23:52:31," @StanphylCap: Kind of funny that Ellison bought a house from Gabe, who‚Äôs a big $TSLA bear!

It sounds as if Gabe made a hell of a lot mo‚Ä¶"
2021-04-08 23:52:21, @DCDOWORK: $NIO is the $TSLA of China! @jimcramer said it. He also said the same thing about #Tesla years ago. ‚Å¶@NIOGlobal‚Å© will become‚Ä¶
2021-04-08 23:51:51,"@ElektricTAZ @TeslaOwls Indeed, I'm proud that my $TSLA investment helped drive up share prices so Tesla could rais‚Ä¶ https://t.co/emUlp9EZpG"
2021-04-08 23:51:50," @ConnectingODots: GORDON JOHNSON
TESLA BULL!

We all know Gordon has a $67 price target for $TSLA

But we tend to forget that only 8 mon‚Ä¶"
2021-04-08 23:51:44,"Cracks in the bull thesis.
$TSLA $TSLAQ https://t.co/UQXEKUh6dg"
2021-04-08 23:51:32," @MilMileBattery: One of the best days of your life is arriving at your local $TSLA @Tesla Service Center, picking up your new Model SEXY‚Ä¶"
2021-04-08 23:50:59," @stocktalkweekly: $CBAT will begin development on $TSLA 4680 battery cells by the end-of-year.

$CBAT joins Panasonic, LG Energy, and CA‚Ä¶"
2021-04-08 23:50:58," @The_Real_Din: @Manpree31938145 Again, $HYLN class 8 &gt; $TSLA and it‚Äôs not close"
2021-04-08 23:50:44," @Keanureeves86j: The best place for Traders to Gain  

$SPY $AMZN $NVDA $BA $BABA $AMD $NFLX $FB $USO $DAL $UGAZ $DIS $QQQ $TSLA $AAPL $‚Ä¶"
2021-04-08 23:50:23, @MarcoDaCostaFX: #Tesla's Growing So Fast That It's Leaving Some Analysts Lost In Confusion. üí∫ $TSLA  https://t.co/E6Mf0msSVI
2021-04-08 23:50:20," @vincent13031925: Tesla sales in Japan üáØüáµ In March 2021 increased 13 times compared to the same period last year

$TSLA
https://t.co/TXi‚Ä¶"
2021-04-08 23:50:13," @MarketRebels: Thursday Option Volumes:

$AAPL 2,358K (70%call 30% put)
$QQQ 834K (40% call 60% put)
$TSLA 770K (64% call 36% put)
$IWM‚Ä¶"
2021-04-08 23:50:12,Finally figured out what I'm going to spend my $TSLA profits on. A freaking robot body for my replicated brain runn‚Ä¶ https://t.co/yM7iH6X8XE
2021-04-08 23:50:02,@wind4me That argument is old news. The energy required is what keeps the network secure. Mr. sustainable energy $TSLA owns some.
2021-04-08 23:49:38,"üåàRecap of the day: Up 20K today‚úÖ
üî•Mainly traded $EARS $RICE $VERY and $STPK. Reached my goal mainly because of my o‚Ä¶ https://t.co/rBcMB3AUr4"
2021-04-08 23:49:36,"$CRM 4.00 -&gt; 6.60
$FB 7.60 -&gt; 12.82
$AAPL 3.10 -&gt; 6.66
$MSFT 4.60 -&gt; 7.50
$AMZN 42.00 -&gt; 111.06
$GOOGL 25.40 -&gt; 67.‚Ä¶ https://t.co/qXLTYtiMBC"
2021-04-08 23:49:30," @JamesVIP: (Day 2) Need $TSLA to hit 700 soon üòÖif I skip a day, $250 giveaway to my Twitter followers. https://t.co/IjwPdjwKKU https://t‚Ä¶"
2021-04-08 23:49:30," @stocktalkweekly: When $TSLA does well, we all do well"
2021-04-08 23:49:29," @Keanureeves86j: Look like legit traders include this chat and making profits. FREE Check out now... 

$NVAX  $TVIX $NVAX $UVXY $WFC $GS‚Ä¶"
2021-04-08 23:49:25,"@StonksWithFinny @TicTocTick $TSLA were the first.They broke the mould, but the quality varies &amp; the price points a‚Ä¶ https://t.co/c3Klv30r1k"
2021-04-08 23:49:23," @Proxima06_Aiai: If Tesla currently has 80% of US EV market without any EV incentives, what do you think will happen once Tesla qualifie‚Ä¶"
2021-04-08 23:49:15," @Aditya4720: $SPY $QQQ $NDX $DIA $IWM $NFLX $FB $INTC $SMH $AAPL $NVDA $TSLA $ES $YM $AMZN $BA $GS $JPM $IBM $LRCX $C $GOOG 
Stay at hom‚Ä¶"
2021-04-08 23:49:04," @Aditya4720: Real-time trading alerts from our team of seasoned professionals, best trading room and global trading community. Check out‚Ä¶"
2021-04-08 23:48:54," @Aditya4720: STOCK, OPTIONS updates, alerts Free chatroom
Don't forget to take a trial! 

$SPY $BABA $DVAX $ACB $OSTK $TRIL $LK $CODX $S‚Ä¶"
2021-04-08 23:48:50," @TraderJ95886811: Damn $LI dropped the offering after hours.  

You know@all the $NIO bags are getting nervous.   William Li-at Is proba‚Ä¶"
2021-04-08 23:48:40," @Keanureeves86j: Live Day-Trading room, Free access this room and get live alerts. Check out now..  

$SUNW $JE $POLA $AAPL $SQQQ $TSLA‚Ä¶"
2021-04-08 23:48:35,@afortunetrading $AAPL needs more attention. Especially with today's cheap options pricing and great price flow...‚Ä¶ https://t.co/AW3XbSzUso
2021-04-08 23:48:34," @orthereaboot: $tsla, saving the environment, one coal mined Bitcoin at a time"
2021-04-08 23:48:33, @chugh_naveen: Arl new projections for $TSLA  @smartertrader @AnthonyOhayon https://t.co/8mNTZcS6LR
2021-04-08 23:48:28," @garyblack00: Cathie Wood‚Äôs new $TSLA price target is out.  And it‚Äôs a Doozy.
- https://t.co/wHcbBUkJKB https://t.co/C8yOIol9sW"
2021-04-08 23:48:28, @MauroBianchi24: $NIO seems to have bottomed as it bounced off the 38.2% support level. I believe this stock has a big run ahead. April‚Ä¶
2021-04-08 23:48:19," @TicTocTick: Here are tell tale signs of accumulation:

1. Stock doesn‚Äôt go down on bad news 

2. Stock doesn‚Äôt go down when S&amp;P500 goes‚Ä¶"
2021-04-08 23:48:18, @StockGuy87: People cannot understand or see that $TSLA is more than just a car company. In order to succeed in this market you need to‚Ä¶
2021-04-08 23:48:08," @LieDete28487405: Find online list of the surrounding lawsuits &amp; controversies of Tesla automotive &amp; energy, since 2008; as of November‚Ä¶"
2021-04-08 23:47:57," @CapitalPrivate1: The only clown is the the ones believe fundamentals are not important on a $tsla 1,111.33  P/E and negative ROE is ver‚Ä¶"
2021-04-08 23:47:54," @JimPGillies: Worth your time and understanding.

But be warned, no trying to move the goalposts with a ""But $TSLA's not a car company,‚Ä¶"
2021-04-08 23:47:50," @Keanureeves86j: Another great week! I made over 66k, A big thank you 

$POLA $AAPL $NETE $TSLA $OEG $SPI $AAL $QQQ $ADXS $CBAT $AMD $SR‚Ä¶"
2021-04-08 23:47:40," @Mettalex: üö® #MettalexSirius is LIVE! üö®

The first 4 BUSD markets on the #BinanceSmartChain mainnet are open for trading!

Go long/short‚Ä¶"
2021-04-08 23:47:40,"Focus list for FRIDAY üöÄüöÄ
$TSLA to $700
$NFLX to $557, $563-564
$SHOP to $1250, $1285 potential
$ROKU to $385
$CMG t‚Ä¶ https://t.co/0AW2GmEy9d"
2021-04-08 23:47:39," @Theunksmoney: Breakout Scalp List 4/9 2 of 2

$NIO over 39.18
$NKE under 133.40
$PINS over 86.11
$PTON over 124.50
$PYPL over 265
$SNAP‚Ä¶"
2021-04-08 23:47:32," @powerpig: @ZhouyuanZ @alex_avoigt Yes, he did and is still doing a great job for Apple. My point was he doesn‚Äôt seem to have the abilit‚Ä¶"
2021-04-08 23:47:30,"@GordonJohnson19 You keep throwing out numbers trying to scare others, problem no many look at the numbers. Try harder.  BUY more $Tsla."
2021-04-08 23:47:28, @munster_gene: We've done a little more work on $TSLA's March deliveries. With 109% growth #Tesla appears to be hitting the vertical por‚Ä¶
2021-04-08 23:47:25," @Tiger01255: We find the 100% runners BEFORE the crowd!
Chatroom:

$ACB $NVAX $MRNA $CGC $DKNG $AAL $SAVE $UAL $WORK $PLAY $DOCU $PD $GP‚Ä¶"
2021-04-08 23:47:21," @Manpree31938145: Fisker ( $FSR), Tesla ( $TSLA), other EV names on watch after Electrek reports US electric car incentive is rumored to‚Ä¶"
2021-04-08 23:47:12," @JohnnaCrider1: In this Medium article, I touch upon the double standards the media has on Elon Musk, Tesla and supporters. 

I also sha‚Ä¶"
2021-04-08 23:47:10," @MarketRebels: GLJ Research: $TSLA is ""barely growing"", maintains $67 price target"
2021-04-08 23:47:07," @Bb1Kehn: The US needs to have more battery factories! Hopefully more from #tesla $tsla 

#batterytech #EV_batteries 
https://t.co/RJNhY‚Ä¶"
2021-04-08 23:47:07," @Domenclature: a Brilliant #Brand Available:

https://t.co/ct9fAs0BJu
bifrog .com

#Startup #bigdata #AI #domaining #Bitcoin #VR #HR #ML‚Ä¶"
2021-04-08 23:47:07," @Tiger01255: Caught the $TSLA wave up this morning
Visit today
DISCORD 
‚òùÔ∏è‚òùÔ∏è
$AAPL $AYRO $SPOT
$NKLA $DKNG $VRM $TRIL $ROKU $BBAR $STNG‚Ä¶"
2021-04-08 23:46:59,"Refreshed Tesla Model S Deliveries to Indiana May Begin in 3 Weeks, VI $TSLA https://t.co/1eVCcxeyxf"
2021-04-08 23:46:50,"$TSLA Knows how to f*** shorts.

Blah news one day, great the next. üöÄ 

$700 on deck. üëÄ https://t.co/4lqrHRxJKy"
2021-04-08 23:46:49," @Aditya4720: Learn To Trade While You're Working From Home&gt;

$AAPL $AMZN $BTC $ETH $FB $GOOG $MSFT $QQQ $SPY $TSLA $EPR $WYND $LIVN $BBU‚Ä¶"
2021-04-08 23:46:45," @Vijayraj11122: Free entries &amp; exits given daily!

Discord:

$ABUS $JDST $VX $LEJU $EMAN $TVIX $INPX $FUV $MRNA $HMHC $W $TRIP $UVXY $‚Ä¶"
2021-04-08 23:46:45," @batteryjuniors: By 2030, $TSLA alone(!) plan to use 8x the amount of lithium produced in the whole world last year. 

Amount of #Lithiu‚Ä¶"
2021-04-08 23:46:41," @TicTocTick: Tesla stock is very cheap if you consider in 5-6 years everyone will have 2-3 Teslas, powered by solar roofs and Tesla Supe‚Ä¶"
2021-04-08 23:46:41," @ElliottForecast: $TSLA As long as prices remain below the 770, $TSLA can continue to grind higher.  Once 770 equal leg  is reached, tha‚Ä¶"
2021-04-08 23:46:38,"Bitcoin could CRASHHHHHHHHHH the US Dollar 

Wait for it... #DigitalCurrency and #China - Destabization could CUM.‚Ä¶ https://t.co/pDJ5olcNyS"
2021-04-08 23:46:37," @MarketRebels: Todays Highest Options Volumes:

$AAPL - 1,144K (73% call; 27% puts)
$TSLA - 772K (60% calls; 40% puts)
$QQQ - 759K (34%‚Ä¶"
2021-04-08 23:46:30," @garyblack00: 10yr Treas ylds now 1.66%, down from 1.74% at the start of trading yesterday. Should help all growth names if this trend c‚Ä¶"
2021-04-08 23:46:27," @ThomasSerta: @squawksquare Been buying any $TSLA dip lol, this Stock will üöÄ soon"
2021-04-08 23:46:26," @TraderTeej: Hah there it is. Turnover at $TSLA's board before they ripped was 3x/year.  

https://t.co/Z6ySncjxkp"
2021-04-08 23:46:22," @Teslaconomics: Trust me, you really don‚Äôt want to compare your balls against mine. 

Little fuckboys. üî•

$TSLA #Tesla https://t.co/qOXG‚Ä¶"
2021-04-08 23:46:21," @Domenclature: a Brilliant #Brand Available:

https://t.co/ct9fAs0BJu
bifrog .com

#Startup #bigdata #AI #domaining #Bitcoin #VR #HR #ML‚Ä¶"
2021-04-08 23:46:16," @Domenclature: a Brilliant #Brand Available:

https://t.co/ct9fAs0BJu
bifrog .com

#Startup #bigdata #AI #domaining #Bitcoin #VR #HR #ML‚Ä¶"
2021-04-08 23:46:12," @SavvyInsight: How much longer will it be before EV tech pioneer $TSLA @elonmusk puts AR in their windshields
What other car companies w‚Ä¶"
2021-04-08 23:46:05," @Aditya4720: $TSLA $TAOP $JFK $CEMI $SPY $CRWD $SHOP $AMZN $NVDA $ROKU $EBAY $AMD $BB $DAL $DOW $Kodk $AAPL 
Over 75k+ people. Join now‚Ä¶"
2021-04-08 23:46:01," @Aditya4720: Xtrader Trades discord! 100% free!

Chatroom:

$TSLA $DSA $KODK $DOW $GNUS $IDEX $boxl $BABA $TSLA $TAOP $JFK $CEMI $SPY $T‚Ä¶"
2021-04-08 23:46:00," @vincent13031925: ‚ö†Ô∏è IMPOANT UPDATE ‚ö†Ô∏è

Refreshed Tesla Model S Deliveries to Indiana May Begin in 3 Weeks, VINs Being Assigned $TSLA‚Ä¶"
2021-04-08 23:45:57, @Aditya4720: $AAPL $GOOG $GLD $QQQ $SPY $VFF $TLRY $KBH $LEN $GE $T $F $GM $TSLA $HTSC $GRNF $MTCH $RIOT $MARA $IRRZF $KOAN $INTC $IBO $‚Ä¶
2021-04-08 23:45:57, @DCDOWORK: $NIO $TSLA $AAPL $AMZN my 4 largest investments all Green. Happy Thursday. https://t.co/69vq0QAYYr
2021-04-08 23:45:54," @Tiger01255: Top Chatroom

Join for both FREE &amp; PREMIUM SERVICE!

üó£Ô∏èüë•üë§
$SPX $SPY $AMZN $AAPL $AMD $FB $SHOP $BYND $NVDA $GOOGL $MSFT $TS‚Ä¶"
2021-04-08 23:45:50," @Keanureeves86j: *Make as much as you want, i've made 35K+ last week. Best room on the net  

 $AAPL $TSLA $GEVO $QQQ $MSFT $AMD $UAL $P‚Ä¶"
2021-04-08 23:45:49," @spiralcal: The usual suspects.
$TSLA  lol https://t.co/kaiybshlzx"
2021-04-08 23:45:45," @BackpackerFI: Some of my favorite disruptors-

Banking üè¶ $SQ 
Fitness üö¥ $PTON
Real Estate üè° $RDFN
Auto üöó $TSLA
Energy ‚ö°Ô∏è $ENPH
Gaming $‚Ä¶"
2021-04-08 23:45:42, @Tiger01255: $DSA $KODK $DOW $GNUS $IDEX $boxl $BABA $TSLA $TAOP $JFK $CEMI $SPY $TSLA $SHOP $AMZN $NVDA $ROKU $EBAY $AMD $BB $DAL $DOW‚Ä¶
2021-04-08 23:45:38," @Tiger01255: Couple of stats and quotes for the week ahead.

Join our discord: 

$ES_F $NQ_F $YM_F $SPY $SPX $QQQ $TLT $FB $AMZN $AAPL $‚Ä¶"
2021-04-08 23:45:34," @Tiger01255: Was able to close it for a 100%profit.
 
Alert + update+ chatroom üì¢üìàüíµ

$SPY $TSLA $SHOP $AMZN $NVDA $ROKU $EBAY $AMD $BB $D‚Ä¶"
2021-04-08 23:45:32," @MilMileBattery: One of the best days of your life is arriving at your local $TSLA @Tesla Service Center, picking up your new Model SEXY‚Ä¶"
2021-04-08 23:45:20," @LavLondon: $IDEX $FCEL $TSLA $SOS 
https://t.co/Sbo5gjncDs

BEAR HUNTING üî•üî•üî•üî•üî•üî•üöÄüöÄüöÄüöÄüöÄ
JOIN the fight .... (If your wallet allows) üôèüôèüëçüî• h‚Ä¶"
2021-04-08 23:45:16, @StckPro: $TSLA $DE NEW AICLE : Deere &amp; Company Is The Undervalued Future Tesla Of Agriculture https://t.co/JeUjNo2FJ8 Get all the lat‚Ä¶
2021-04-08 23:45:09," @StonkstoMoon: #gme $gme #amc $tsla $amc $plug $aapl $bb $bfi 

Starting to try the positive spin for what is coming-
~Notice the crypto‚Ä¶"
2021-04-08 23:45:05," @InvestorSwan: @seanRyan52

How is the @tesla gigafactory serving Buffalo?
Looks like it is shutting down! 
How much money did buffalo l‚Ä¶"
2021-04-08 23:45:04,@DipDeity $TSLA made cult stocks a viable thing.
2021-04-08 23:45:01, @FinTwitTSLA: via GerberKawasaki: Very nice of @JohnnaCrider1 to make it very easy to understand the opportunity in Tesla. $TSLA https:/‚Ä¶
2021-04-08 23:44:58," @Bigbang48184: Bullish earnings. We were on the right side of this one for some nice gains.""

$SSPK $SUNW $SVVC $SZK $THBR $TWM $TZA $US‚Ä¶"
2021-04-08 23:44:47,"Breakout Scalp List 4/9 2 of 2

$NIO over 39.18
$NKE under 133.40
$PINS over 86.11
$PTON over 124.50
$PYPL over 265‚Ä¶ https://t.co/zwMxGkKDFv"
2021-04-08 23:44:43," @JustHere4LivePD: Somebody told me last week they had $2000 to invest, what would I recommend???

I said buy 3 shares of $TSLA @Tesla ,‚Ä¶"
2021-04-08 23:44:36, @ccaiquesgomes: UK electric car sales surge despite Covid lockdown https://t.co/w53WehurpV $tsla
2021-04-08 23:44:32," @Bigbang48184: Start trading 6months ago and made 5k to $49k Big thanks to this 

$AMZN $FB $LOVE $WORK $AAPL $AMD $MNTA $GLD $TWR $SLV‚Ä¶"
2021-04-08 23:44:29," @WsbmodR: Those funds and analysts say $GM is better value than $TSLA just see how $GM waste money by paying for advertisements.

Do you‚Ä¶"
2021-04-08 23:44:21,"EV Valuations are kinda cray rn...

I like $WKHS long term, $XL short term because its under lows, $GOEV long term‚Ä¶ https://t.co/4sfvEVUsmg"
2021-04-08 23:44:21," @c2412345: The #ShroomBoom üçÑ is here! Big news! 

Buy $MMED üá®üá¶ $MMEDF üá∫üá∏ stock! NASDAQ uplisting soon. ü§´üöÄü§ë

$SPY $CGC $ACB $CRON $TLRY $‚Ä¶"
2021-04-08 23:44:15, @JosephVVallace: Should I buy more $tsla $btc $doge $eth $sq $SOMETHING?
2021-04-08 23:44:08,@AmanSiddLondon @TicTocTick Competition is good for all manufacturers but what is failing to be recognized here is‚Ä¶ https://t.co/QqaD484h1a
2021-04-08 23:44:06," @CryptoDonAlt: $TSLA

Looks like we crypto people are trading the wrong bubble. https://t.co/KfvpbF7Trq"
2021-04-08 23:43:59," @SmartOptionsAi: How You Can Make $1M+ Trading Options:

https://t.co/5ynH8taEmW

$SPY $AAPL $TSLA"
2021-04-08 23:43:54,"$CRWD 6.65 -&gt; 8.22 üî•
$ETSY 6.20 -&gt; 7.35 üöÄ

Holding onto $ROKU. Close over 372.45 is screaming bullish! üìà

Use Code‚Ä¶ https://t.co/5dc0bNti"
2021-04-08 23:43:45," @Bigbang48184: Amazing! Get Winning alerts 

$BYND $USEG $SHOP $DKNG $MU $NOVS $MYOV $APDN $MXC $BZUN $SPY $QQQ $AMZN $NVDA $BA $TSLA $B‚Ä¶"
2021-04-08 23:43:43,@SpacTiger @DoctorSpac Love $TSLA and $CCIV @LucidMotors stocks. Won‚Äôt ever buy an EV though
2021-04-08 23:43:41, @DrTranBioSci: Do you trust Wall Street analysts estimate? Do you trust my own valuation of $TSLA? I believe it's worth at least $2000 p‚Ä¶
2021-04-08 23:43:38," @litlewallstreet: $TSLA  Tesla Stock Could Surge 51% to $1,000 According to This Analyst"
2021-04-08 23:43:34," @sbwcws: Tesla upgrade, GM initiation among today's top calls on Wall Street
$TSLA $GM $F $SPOT $JBLU $AAL $AMC $IMAX"
2021-04-08 23:43:27," @longwulf95: :( 

https://t.co/1wBBiGtq0r
Subscribe Giveaway at 10k subs.

$PHUN $ZOM $BTX $MUDS $CTRM $WEI $VIAC $EBON $SNDL $RMO $SQQQ‚Ä¶"
2021-04-08 23:43:23, @DaddieHack: $TSLA $DOGE $BTC #Tesla #Dogecoin #Bitcoin https://t.co/CDPR8U3SFK
2021-04-08 23:43:20," @JamesVIP: (Day 2) Need $TSLA to hit 700 soon üòÖif I skip a day, $250 giveaway to my Twitter followers.‚Ä¶ https://t.co/3J8Oer4lb2"
2021-04-08 23:43:15," @SawyerMerritt: ""If you think Tesla is a great stock, don't reinvent the wheel.... Buy Tesla.""

$TSLA
https://t.co/rQOHEzoNCN"
2021-04-08 23:43:13, @SteelNicho: @StacyKeach1 should narrate the $TSLA fraud when it finally unravels.
2021-04-08 23:43:02," @QuantData: NBA's Sacramento Kings Players Will Soon Be Paid In Bitcoin, Says CEO

Related Tickers: $TSLA $$BTC
Read more at: https://t.‚Ä¶"
2021-04-08 23:43:02, @ElonsWorld: Earn Free Supercharging Miles or a $100 Cash Award when ordering: https://t.co/hUtWMlcF89 $TSLA
2021-04-08 23:42:59," @nasalahe: Number of Teslas registered in Norway today was 2 with 0 Model S, 1 Model X and 1 Model 3 making it a total of 61082 Source:‚Ä¶"
2021-04-08 23:42:51," @jubliantgroup: @muddywatersre Another attempt to find a better entry point 

How did $TSLA go?"
2021-04-08 23:42:36," @batteryjuniors: By 2030, $TSLA alone(!) plan to use 8x the amount of lithium produced in the whole world last year. 

Amount of #Lithiu‚Ä¶"
2021-04-08 23:42:30," @TheStreet: $TSLA is frustrated with Germany's lengthy approval process for the EV maker's plant being built near Berlin.
https://t.co/X‚Ä¶"
2021-04-08 23:42:21, @VoyagerRed: Imagine if Tesla drove their own (non-existent) truck over their (non-) self-produced batteries to show the world that they‚Ä¶
2021-04-08 23:42:20," @NavaInvest: Told my dad to put $10,000 on $TSLA back in 2016 and got laughed out the room lol"
2021-04-08 23:42:19, @data_ev: Does this mean @HSBC won't let their customers buy $TSLA? @Tesla https://t.co/1IGCRJQJLd
2021-04-08 23:42:04,I find it surprising that Gordon Johnson gets far more attention as a $TSLA bear üêª than Rajvindra Gill for example‚Ä¶ https://t.co/7PIyUjtLYs
2021-04-08 23:42:02," @CallerNaked: Excellent coverage by FT on Ark Investment Management, mentioning its outsized holdings in $TSLA.

FT has made this articl‚Ä¶"
2021-04-08 23:42:00,@PBRStreetGang7 @Goldfiinger77 @WallStCynic @elonmusk @zshahan3 @ResidentSponge In the video I linked (copyüëá) he sp‚Ä¶ https://t.co/WSZvy469fr
2021-04-08 23:41:58, @BIOBDGUY: @DrTranBioSci Isn't that the same dumbass analyst that has been short $TSLA since 2015?...Tesla bears just live in the past a‚Ä¶
2021-04-08 23:41:55," @TeslaNY: ‚ÄúWedbush analyst Daniel Ives upgraded Tesla from Neutral to Outperform with a price target of $1,000 (from $950) with a $1350‚Ä¶"
2021-04-08 23:41:52, @dadangman: This is just be PERSONALLY but I wouldn‚Äôt mind have this $TSLA https://t.co/SaedUQReoL
2021-04-08 23:41:45, @ClayTrader25: ‚ÄúThe voices‚Äù are a very real thing for us traders! üòÇü§∑üèº‚Äç‚ôÇÔ∏èü§¶‚Äç‚ôÇÔ∏èü§° $TSLA $ZOM $AMC $GME $SNDL $NAKD $AAPL $CCIV $PLTR $SOS $N‚Ä¶
2021-04-08 23:41:40,@TeslaOwls I can brag about my $TSLA though üòò
2021-04-08 23:41:39," @BetaMemoirs: Watchlist for 04.06.2021 - https://t.co/0gzM8hnLp8

#stock #stockstowatch #stockstobuy #StocksToTrade $SPY $QQQ $TSLA $PLTR"
2021-04-08 23:41:25," @StonkiesToMoon: $mara $nok $amc $yvr $gme $cciv $fubo $dkng $sndl $nio $fsr $tsla $gevo $opgn $xela $ocgn   $hofv $acy

GREEN GREEN GRE‚Ä¶"
2021-04-08 23:41:21," @StockMKTNewz: Oppenheimer today with an Overweight rating and a $1,036 price target on Tesla $TSLA https://t.co/sPYQNSIz6c"
2021-04-08 23:41:17, @nobullshytrader: $TSLA lol pumperz/bagholderz thought this would b $800 today üòÇü§¶‚Äç‚ôÇÔ∏è
2021-04-08 23:41:10, @StealthQE4: @ATX_fight_club $TSLA fanboys just triggered
2021-04-08 23:41:06, @WSBChairmanee: Join Robinhood with my link and we'll both get a free stock ü§ù $AGEN $LTC $FIZZ $EXPR $WRAP $CODX $PS $F $TSLA $CBAY $N‚Ä¶
2021-04-08 23:40:56, @Alpsoy66: Gary is sandbagging $tsla https://t.co/oPH7h9OuNZ
2021-04-08 23:40:49, @newsfilterio: ETFs to Play Biden's Push for Green Infrastructure $TSLA $GCEI $PLUG $ENPH $MORN https://t.co/n5fhQzaAWQ
2021-04-08 23:40:35," @SawyerMerritt: ""If you think Tesla is a great stock, don't reinvent the wheel.... Buy Tesla.""

$TSLA
https://t.co/rQOHEzoNCN"
2021-04-08 23:40:28, @Scofflaw17: @CreditSuisse @MorganStanley @GoldmanSachs THE ONLY WAY OUT OF THIS IS BUY $TSLA Goldman knows ! Check their analyst price‚Ä¶
2021-04-08 23:40:24," @PolarInvests: Congrats to our very own $TSLA God on these HUGE gains. 

Make sure to drop a follow and stay tuned...üëÄ https://t.co/fZsk‚Ä¶"
2021-04-08 23:40:20," @WSBCallOuts: #WallStreetBets Tuesday Stock Mentions - April 6th #wsb

Follow for stocks mentioned! 

$GME: 646
$ASO: 370
$SPY: 232
$PLT‚Ä¶"
2021-04-08 23:40:17," @WsbmodR: $AAPL wants to become $TSLA
$GM wants to become $TSLA
$NIO wants to become $TSLA of china
$DE wants to become $TSLA
@jimcramer‚Ä¶"
2021-04-08 23:40:16,"$CRWD $ETSY $TDOC &amp; $ROKU were the plays today!

We went 2/4 on the plays today! üî•

Cut $TDOC for a loss while sell‚Ä¶ https://t.co/ov2aIdLUE0"
2021-04-08 23:40:14," @facts_tesla: Well, it turns out that shorting $TSLA is bad for business (who knew?!)

Jim Chanos' @WallStCynic assets under management‚Ä¶"
2021-04-08 23:40:13," @madaznfootballr: Trader 'madazmoney' traded $ACY $SJ $TSLA with a profit of: $25,712.42, earning the rank 'WINNING' on 2021-04-06. @mad‚Ä¶"
2021-04-08 23:40:10," @facts_tesla: Well, it turns out that shorting $TSLA is bad for business (who knew?!)

Jim Chanos' @WallStCynic assets under management‚Ä¶"
2021-04-08 23:40:09, @TimOthy3399: All in on $TSLA like... üò¨ https://t.co/UFmeUFf25o
2021-04-08 23:40:09,"If you want a shot at retirement buy #BTC and $TSLA. New asset class and the ""Soon"" to be largest market cap company in the world. üòÅ"
2021-04-08 23:40:06, @Right__Stocks: $penn $mara $tsla $srne $dkng $ino $yvr $vxrt $sndl  $nio $sunw $hexo $aapl $fubo $spy $fb $boxl  $wkhs  $acb $gme $opti‚Ä¶
2021-04-08 23:40:02," @optioptions: $ROKU #ROKU POWERFUL move to the upside üìà

Opened just below 335 and made almost a 9.5% move higher today

The 370c can wo‚Ä¶"
2021-04-08 23:39:55," @dbr_land: $OCGN Certified Diamond ‚úÖ

üíé = 1,000% gainer

Join me for the Diamond search

$AMC $SOS $HOFV $SNDL $CTRM $GME $XELB $CEMI $A‚Ä¶"
2021-04-08 23:39:34," @AlmingtonCap: Is this growth?

$TSLA $TSLAQ https://t.co/QrkXBQws1I"
2021-04-08 23:39:30," @steep_slopes: This is Wall Street's game. Let them talk about $TSLA all day and put up PT of $3,000 or whatever, what do I care?! I'm h‚Ä¶"
2021-04-08 23:39:26, @OppayahTwitR: @squawksquare That could be a disappointment if your outlook for $TSLA is a short term. Let it ride baby! $TSLA is going‚Ä¶
2021-04-08 23:39:22," @EquityInformer: Most mentioned tickers (14d)

1. $TSLA 106
2. $SPY 71
3. $GME 64
4. $CCIV 61
5. $PLTR 59
6. $AAPL 51
7. $VIAC 48
8. $FU‚Ä¶"
2021-04-08 23:39:19," @brypto_: @icebergy_ @stoicsavage @dkryptd @screentimes I loaded my bags full of $TSLA call options last week, doubled down this week."
2021-04-08 23:39:15," @narmacnetworth: There has been a clear cost of being cheap trying to find sympathy plays for innovative companies ( $tsla vs $nkla , $s‚Ä¶"
2021-04-08 23:39:13,"Hey, $NKLA gang. I have no words. Just get out of this market space. Open a RadioShack. Open a damn restaurant. Thi‚Ä¶ https://t.co/6lRHrWeNho"
2021-04-08 23:39:11, @davidmoadel: Microsoft Connection Adds Tremendous Value to Apex Technology Acquisition -- my article for @investorplace https://t.co/Lt‚Ä¶
2021-04-08 23:39:06, @vincent13031925: Franz von Holzhausen @woodhaus2 with Cybertruck Join Tesla China Design Team Recruit Video for Possible Localized $25K‚Ä¶
2021-04-08 23:39:04, @HuwGough: Looking forward to a great start to April... Holding with $TSLA $PLTR $NIO and $GEVO.... And not forgetting my miners... $MAR‚Ä¶
2021-04-08 23:39:01,"@SawyerMerritt I have a vague theory, but need to find the time to read the ETF prospectus : the 30% is across all‚Ä¶ https://t.co/A2OJNOCMMm"
2021-04-08 23:38:50," @NaplesRunner: @rcwhalen @karenfinerman @CNBCFastMoney Agreed Chris.  If $tsla went public in 2002, the firm would have went BK in a few‚Ä¶"
2021-04-08 23:38:42, @wind4me: @GerberKawasaki @4FrontVentures  will kick your #California $TSLA
2021-04-08 23:38:38, @screentimes: @brypto_ @icebergy_ @stoicsavage @dkryptd so $tsla will now follow $coin? is that what you‚Äôre saying?
2021-04-08 23:38:35," @StockBrosTrades: Since we do weekly watchlists, we thought we might as well share some tips when it comes to screening for stocks üìà

Ch‚Ä¶"
2021-04-08 23:38:31, @opalbert: I summarized the thoughts of 49 respected #fintwit folks' on #stocks this evening for you #crowdsourcing. Top 20 tickers ment‚Ä¶
2021-04-08 23:38:27, @TheSummaryCo: $TSLA is at $691.05 and has an average price target of $706.00 with an upside of 2.16%
2021-04-08 23:38:26, @DCDOWORK: $TSLA many reasons it‚Äôs my 2nd largest investment. Here is another one! https://t.co/6Aiaq3LUoE
2021-04-08 23:38:23, @AlternateJones: $TSLA FSD lets you enjoy the scenery as you drive... https://t.co/3WzeQ58KsA
2021-04-08 23:38:20," @ausbiztv: .@DivesTech from @Wedbush has upgraded $TSLA to outperform, with a price target of US$1000. He reckons a ""green tidal wave"" i‚Ä¶"
2021-04-08 23:38:09," @StanphylCap: Fred is back into PSEUDO-journalism mode, lol: ""Full disclosure: I own $TSLA shares.""

No wonder there's no mention of the‚Ä¶"
2021-04-08 23:38:06," @bullkob: My friends from Beijing told me they see $NIO everywhere in China lately, it‚Äôs getting so popular that I won‚Äôt be disappointed‚Ä¶"
2021-04-08 23:38:05," @facts_tesla: Well, it turns out that shorting $TSLA is bad for business (who knew?!)

Jim Chanos' @WallStCynic assets under management‚Ä¶"
2021-04-08 23:38:00," @Teslaconomics: You are a fool to sell knowing all the the innovative products Tesla is building in the next couple of years. üåü 

It‚Äôs s‚Ä¶"
2021-04-08 23:37:59," @vincent13031925: Tesla 2 MWh Battery Used in Greenbacker's Solar-Plus-Storage Power Plant Commences Commercial Operation

$TSLA 
https:‚Ä¶"
2021-04-08 23:37:55, @GirlsLoveJay: But did you buy $TSLA today? üßêü§ë
2021-04-08 23:37:44," @dbr_land: $OCGN on the way to Diamond status 

üíé = 1,000% gainer

Join me for the Diamond search

$AMC $SOS $HOFV $SNDL $CTRM $GME $XEL‚Ä¶"
2021-04-08 23:37:41, @baddestonthepnt: Will Tesla ever make military weapons (such as autonomous drones) for the US military? @tesla @elonmusk $TSLA
2021-04-08 23:37:37," @Derek61959612: $TSLA Tesla short term price target to 1000
https://t.co/2adk0D1kjM"
2021-04-08 23:37:33," @orthereaboot: 20 months later, &amp; 4.5 years after the 2016 $TSLA solar roof reveal, less than 1000 total roof tile installation exist. 1‚Ä¶"
2021-04-08 23:37:20," @StonkstoMoon: people are steadily transferring funds-weekly for me-and buying literally every dip
my sons have shares, my sister has sh‚Ä¶"
2021-04-08 23:37:06," @AlphaTraining1: #WOW !
WHAT is #WallStreet missing?

Tesla Stock Reacts to Delivery Beat -

#TSLA $TSLA #TeslaStock #RenewableEnergy‚Ä¶"
2021-04-08 23:36:58," @stonks_memedar: Tickers with the most bullish news sentiment for 2021-04-06 as of 18:10:02 EST 
$FUBO $GOEV $UPWK $EH $NVDA $TSLA $NOW‚Ä¶"
2021-04-08 23:36:55," @stonks_memedar: Tickers with the most bearish news sentiment for 2021-04-06 as of 18:10:02 EST 
$FUBO $GOEV $EH $NVDA $MU $TSLA $OXY $F‚Ä¶"
2021-04-08 23:36:51," @SawyerMerritt: BREAKING: Wedbush analyst Dan Ives upped his $TSLA price target to $1,000 (from $950) &amp; increased his LT bull case PT to‚Ä¶"
2021-04-08 23:36:47," @askwarrenbuffet: $TSLA To Release Details On Acquisition Negotiations With Unnamed NYSE Traded Stock 
https://t.co/Mv3xmUJu9A

$QGEN $C‚Ä¶"
2021-04-08 23:36:43," @Bullsandbears16: @rajattrivedi23 @hvgoenka With this logic $AMZN investors would be crying today, but they are laughing their way to th‚Ä¶"
2021-04-08 23:36:40, @FinTwitTSLA: via barronsonline: Trucks are a big business for GM and the company would never leave the territory to EV startups such as‚Ä¶
2021-04-08 23:36:31,"Was able to close it for a 100%profit.
 
Alert + update+ chatroom üì¢üìàüíµ

$SPY $TSLA $SHOP $AMZN $NVDA $ROKU $EBAY‚Ä¶ https://t.co/p20afpMeNo"
2021-04-08 23:36:25, @ComedianRetired: I'm hoarding $LTNC $AZFL $FTEG and of course $TSLA if you got em please just send them to me https://t.co/goeGRKpH3O
2021-04-08 23:36:21, @cannabismedicyn: There‚Äôs a reason tech #stocks like $tsla just keep earning. Bc VCs &amp; institutional investors bought in early &amp; need ot‚Ä¶
2021-04-08 23:36:15,CityFALCON score gives top rated news for FREE #bigdata $AAPL $TSLA https://t.co/5TwDNEnLTH https://t.co/PO04ebfUwG
2021-04-08 23:36:11," @SupportTheVets: üö®Former Japanese PM Shinz≈ç Abe Financial firm just bought 40,000,000 $XRP 3 minutes ago! yes 40 Million $XRP #Ripple 3‚Ä¶"
2021-04-08 23:36:07," @SpiderMan_3s: $SPY Pivots -Support &amp; Resistance for W 4/7

$FB, $AMZN , $AAPL
$GOOG, $TSLA, $NFLX
$NVDA, $ABNB, $AMD
$MSFT, $SHOP, $SNO‚Ä¶"
2021-04-08 23:36:03," @Johnkim26391993: NBA's Sacramento Kings Players Will Soon Be Paid In Bitcoin, Says CEO $$BTC $TSLA via @benzinga https://t.co/ZLOiTKXIpd"
2021-04-08 23:36:00, @Johnkim26391993: Why Grayscale Bitcoin Trust Is Gaining the Upper Hand Over Tesla: Bloomberg's Crypto Report $$BTC $TSLA via @benzinga‚Ä¶
2021-04-08 23:35:51, @Nick_Charts_TA: $LRCX - What a rip!  I hope you banked on this play.   See thread for details.  #tradeidea #StockMarket $FUBO $AAPL $TS‚Ä¶
2021-04-08 23:35:49," @MarketRebels: Thursday Option Volumes:

$AAPL 2,358K (70%call 30% put)
$QQQ 834K (40% call 60% put)
$TSLA 770K (64% call 36% put)
$IWM‚Ä¶"
2021-04-08 23:35:48," @SelectOptions: Top Options by Volume
$AAPL $TSLA $VIAC $GM $FB $NIO $RMO $MSFT $AMZN $BA https://t.co/HDMC45lPTR"
2021-04-08 23:35:40, @vincent13031925: Franz von Holzhausen @woodhaus2 with Cybertruck Join Tesla China Design Team Recruit Video for Possible Localized $25K‚Ä¶
2021-04-08 23:35:40,"@HeartDocTesla I first bought the car as a retirement gift to myself. It is so amazing, quiet, fast, online updates‚Ä¶ https://t.co/VgNWxdxpiW"
2021-04-08 23:35:40,"Caught the $TSLA wave up this morning
Visit today
DISCORD 
‚òùÔ∏è‚òùÔ∏è
$AAPL $AYRO $SPOT
$NKLA $DKNG $VRM $TRIL $ROKU‚Ä¶ https://t.co/Er8nVQarfW"
2021-04-08 23:35:39,$DSA $KODK $DOW $GNUS $IDEX $BOXL $BABA $TSLA $TAOP $JFK $CEMI $SPY $TSLA $SHOP $AMZN $NVDA $ROKU $EBAY $AMD $BB‚Ä¶ https://t.co/5iBtehU2yB
2021-04-08 23:35:39, @jbergASU: $TSLA market cap is 50% larger than Walmart $WMT; 3x larger than Coca-Cola $KO or Pepsi $PEP; more than 5x American Express $‚Ä¶
2021-04-08 23:35:37, @Right__Stocks: $penn $ino $mara $aal $tsla $opti $spy $srne $sunw $dkng $aapl $fsr $hexo $boxl $fubo  $uxin $nok $vxrt $acb $amc $nio $‚Ä¶
2021-04-08 23:35:32, @opalbert: I summarized the thoughts of 49 respected #fintwit folks' on #stocks this evening for you #crowdsourcing. Top 20 tickers ment‚Ä¶
2021-04-08 23:35:30," @StocksPilgrim: Gave my group $PINS 2 days ago, which ran 100% ‚úÖ

Completed options:
$ROKU ‚úÖ
$AMZN ‚úÖ
$SNAP ‚úÖ
$TSLA ‚úÖ

Swinging options/s‚Ä¶"
2021-04-08 23:35:23," @GoingGreenPicks: $PVSP Breaking out hard! 
$MMEDF $CBDD $MINE $IDGC $BDGR $SHRMF $IDEX $IDCN $OPEN $LLLI $KBH $LEN $AMZN $TSLA $IJJP $S‚Ä¶"
