2021-04-05 23:58:33,"['atus', 'peopl', 'will', 'use', 'ani', 'excus', 'cover', 'the', 'fact', 'they', 'arent', 'prepar', 'for', 'what', 'the', 'trade', 'may', 'bring', 'url']"
2021-04-05 23:57:43,"['oculu', 'the', 'intern', 'space', 'station', 'major', 'first', 'mover', 'advantag', 'atus', 'url']"
2021-04-05 23:57:28,"['pin', 'start', 'scale', 'out', 'from', 'dip', 'buy', 'scale', 'next', 'scale', 'the', 'commun', 'sector', 'stron', 'url']"
2021-04-05 23:56:16,"['atus', 'former', 'japanes', 'shinzō', 'abe', 'financi', 'firm', 'just', 'bought', 'xrp', 'minut', 'ago', 'ye', 'million', 'xrp', 'rippl']"
2021-04-05 23:56:02,"['number', 'lead', 'stock', 'today', 'spi', 'qqq', 'googl', 'amzn', 'aapl', 'dailystkleadercount', 'bitcoin', 'btc']"
2021-04-05 23:54:40,"['atus', 'what', 'great', 'day', 'for', 'faang', 'ownersfb', 'amzn', 'aapl', 'nflx', 'googl', 'thi', 'zebra', 'it']"
2021-04-05 23:53:59,"['good', 'luck', 'red', 'market', 'tomorrow', 'tsla', 'aapl', 'googl', 'orcl', 'nclh', 'rcl', 'ccl', 'aal', 'dal', 'ual', 'wynn', 'czr', 'mgm', 'url']"
2021-04-05 23:53:54,"['atus', 'atus', 'and', 'atus', 'discuss', 'what', 'cybersecur', 'concern', 'mean', 'for', 'facebook', 'url']"
2021-04-05 23:53:52,"['commun', 'co', 'amp', 'googl', 'reach', 'all', 'time', 'close', 'high', 'url']"
2021-04-05 23:53:30,"['former', 'japanes', 'shinzō', 'abe', 'financi', 'firm', 'just', 'bought', 'xrp', 'minut', 'ago', 'ye', 'million', 'xrp', 'url']"
2021-04-05 23:53:26,"['via', 'barryschwartzbw', 'thi', 'wa', 'well', 'time', 'purchas', 'url']"
2021-04-05 23:52:49,"['soooo', 'shw', 'back', 'these', 'are', 'the', 'kinda', 'play', 'enjoy', 'make', 'aapl', 'nflx', 'amzn', 'tsla', 'goog']"
2021-04-05 23:52:05,"['thi', 'wa', 'well', 'time', 'purchas', 'url']"
2021-04-05 23:50:26,"['via', 'barryschwartzbw', 'hmm', 'goog', 'then', 'now', 'amzn', 'cant', 'underperform', 'for', 'that', 'long']"
2021-04-05 23:50:03,"['atus', 'lot', 'investor', 'were', 'sleep', 'now', 'they', 'are', 'play', 'catch', 'you', 'can', 'alway', 'find', 'reason', 'whi', 'not', 'like']"
2021-04-05 23:47:29,"['atus', 'atus', 'atus', 'atus', 'atus', 'not', 'mention', 'advertis', 'potenti', 'which', 'their', 'and']"
2021-04-05 23:46:37,"['atus', 'atus', 'atus', 'atus', 'atus', 'thank', 'atus', 'from', 'perspect', 'do', 'ama', 'url']"
2021-04-05 23:44:30,"['atus', 'facebook', 'alphabet', 'and', 'microsoft', 'share', 'soar', 'all', 'time', 'high', 'googl', 'msft', 'spi', 'url']"
2021-04-05 23:44:29,"['nqf', 'nice', 'move', 'upsid', 'abov', 'that', 'ha', 'qqq', 'ndx', 'aapl', 'amzn', 'tsla', 'url']"
2021-04-05 23:44:26,"['atus', 'wholeheartedli', 'disagre', 'next', 'leg', 'imo', 'come', 'from', 'rotat', 'into', 'reason', 'price', 'growth', 'url']"
2021-04-05 23:44:13,"['atus', 'amp', 'goog', 'just', 'matter', 'favor', 'risk', 'reward', 'play', 'out', 'basic', 'stuff', 'noth', 'with', 'be', 'smart', 'predictin']"
2021-04-05 23:43:53,"['atus', 'atus', 'atus', 'atus', 'atus', 'look', 'interest', 'and', 'can', 'see', 'how', 'indian', 'can', 'get', 'hook', 'url']"
2021-04-05 23:43:14,"['watchlist', 'for', 'tomorrow', 'amzn', 'momentum', 'googl', 'momentum', 'momentum', 'url']"
2021-04-05 23:43:09,"['facebook', 'alphabet', 'and', 'microsoft', 'share', 'soar', 'all', 'time', 'high', 'googl', 'msft', 'spi', 'url']"
2021-04-05 23:42:57,"['atus', 'the', 'leak', 'includ', 'person', 'inform', 'million', 'facebook', 'user', 'such', 'phone', 'number', 'facebook', 'id', 'full', 'name', 'locati']"
2021-04-05 23:42:21,"['thi', 'list', 'boycot', 'compani', 'get', 'longnik', 'nkedisney', 'disgoogl', 'googfacebook', 'fbtwitter', 'url']"
2021-04-05 23:41:18,"['atus', 'number', 'monthli', 'user', 'steam', 'use', 'headset', 'now', 'million', 'all', 'user', 'user', 'are', 'use', 'oculu']"
2021-04-05 23:41:08,"['atus', 'million', 'bullish', 'call', 'option', 'bet', 'facebook', 'today']"
2021-04-05 23:37:25,"['broke', 'out', 'about', 'cup', 'handl', 'today', 'abov', 'avg', 'vol', 'and', 'pocket', 'pivot', 'it', 'alreadi', 'put', 'abou', 'url']"
2021-04-05 23:37:19,"['facebook', 'inc', 'sec', 'file', 'form', 'url']"
2021-04-05 23:36:44,"['former', 'japanes', 'shinzō', 'abe', 'financi', 'firm', 'just', 'bought', 'xrp', 'minut', 'ago', 'ye', 'million', 'xrp', 'url']"
2021-04-05 23:36:13,"['atus', 'amp', 'goog', 'just', 'matter', 'favor', 'risk', 'reward', 'play', 'out', 'basic', 'stuff', 'noth', 'with', 'be', 'smart', 'predictin']"
2021-04-05 23:35:26,"['atus', 'that', 'wa', 'nois', 'opinion', 'undervalu', 'also', 'help', 'that', 'they', 'are', 'friend', 'the', 'administr', 'url']"
2021-04-05 23:35:23,"['manarkk', 'sell', 'all', 'their', 'liquid', 'larg', 'cap', 'like', 'aapl', 'amzn', 'goog', 'buy', 'those', 'illiquid', 'high', 'growth', 'smal', 'url']"
2021-04-05 23:35:12,"['atus', 'use', 'buy', 'littl', 'brother', 'alcohol', 'for', 'parti', 'all', 'the', 'time', 'long', 'know', 'it', 'hard', 'for', 'bea', 'url']"
2021-04-05 23:33:44,"['atus', 'tsla', 'clean', 'energi', 'mutual', 'fundfb', 'platform', 'surveil', 'etc', 'mutual', 'fundcash', 'from', 'googi', 'hold', 'lockhe']"
2021-04-05 23:33:28,"['these', 'call', 'hit', 'today', 'from', 'congrat', 'those', 'that', 'were']"
2021-04-05 23:33:18,"['atus', 'same', 'close', 'the', 'posit', 'last', 'feb', 'know', 'wa', 'just', 'around', 'the', 'corner', 'open', 'url']"
2021-04-05 23:33:12,"['pivot', 'abov', 'target', 'below', 'target', 'spi', 'spx', 'esf', 'qqq', 'ndx', 'nqf', 'url']"
2021-04-05 23:32:59,"['straight', 'from', 'the', 'told', 'you', 'want', 'ath', 'url']"
2021-04-05 23:32:13,"['own', 'like', 'sell', 'your', 'underag', 'brother', 'alcohol', 'and', 'cigarett', 'you', 'just', 'kinda', 'suck']"
2021-04-05 23:31:27,"['atus', 'fbinsan', 'strength', 'would', 'love', 'pullback', 'load', 'for', 'the', 'move', 'into', 'the', 'high', 'url']"
2021-04-05 23:31:02,"['statement', 'chang', 'benefici', 'ownership', 'url']"
2021-04-05 23:30:46,"['tsla', 'amzn', 'aapl', 'nflx', 'googl', 'goog', 'faang', 'the', 'bear', 'are', 'done', 'for', 'the', 'week', 'url']"
2021-04-05 23:30:23,"['penn', 'ino', 'mara', 'aal', 'tsla', 'opti', 'spi', 'srne', 'sunw', 'dkng', 'aapl', 'hexo', 'boxl', 'ibio', 'vxrt', 'acb', 'nio', 'gme', 'fsr', 'url']"
2021-04-05 23:30:00,"['insid', 'mark', 'zuckerberg', 'report', 'sell', 'share', 'for', 'total', 'cost', 'url']"
2021-04-05 23:29:43,"['fwsell', 'zuckerberg', 'mark', 'cob', 'and', 'ceo', 'facebook', 'inc', 'sold', 'share', 'url']"
2021-04-05 23:27:49,"['atus', 'someon', 'japan', 'just', 'bought', 'ye', 'million', 'xrp', 'rippl', 'minut', 'ago', 'xrp', 'the', 'day', 'wow']"
2021-04-05 23:27:35,"['can', 'can', 'continu', 'thi', 'move', 'throughout', 'rest', 'the', 'week', 'anoth', 'higher', 'would', 'make', 'feel', 'better', 'url']"
2021-04-05 23:27:22,"['atus', 'tsla', 'call', 'ibm', 'call', 'mara', 'call', 'and', 'share', 'eeenf', 'share', 'msft', 'call', 'call']"
2021-04-05 23:25:09,"['atus', 'facebook', 'pledg', 'suspend', 'polit', 'donat', 'then', 'quietli', 'funnel', 'gop', 'group', 'push', 'voter', 'suppress']"
2021-04-05 23:24:13,"['atus', 'atus', 'atus', 'atus', 'atus', 'atus', 'atus', 'atus', 'url']"
2021-04-05 23:24:02,"['facebook', 'inc', 'sec', 'file', 'form', 'url']"
2021-04-05 23:23:53,"['atus', 'how', 'disrupt', 'innov', 'worksth', 'age', 'the', 'microdisplay', 'ha', 'arrivedurlkopn', 'eman', 'sne']"
2021-04-05 23:22:53,"['how', 'disrupt', 'innov', 'worksth', 'age', 'the', 'microdisplay', 'ha', 'arrivedurlkopn', 'url']"
2021-04-05 23:22:41,"['and', 'other', 'popular', 'stock', 'discuss', 'along', 'with', 'cciv', 'twitter', 'cciv', 'tsla', 'nio', 'gme', 'amc', 'aapl', 'fubo', 'fsrpltr', 'url']"
2021-04-05 23:22:32,"['atus', 'today', 'take', 'look', 'yoy', 'app', 'download', 'data', 'for', 'the', 'month', 'marchexp', 'abnb', 'snap', 'bkng', 'pin', 'amzn', 'mtch', 'twtr']"
2021-04-05 23:21:58,"['atus', 'tradingtip', 'what', 'did', 'say', 'about', 'trendquit', 'buy', 'dip', 'fomowait', 'for', 'trend', 'day', 'build', 'confirmationbuy', 'high']"
2021-04-05 23:21:23,"['someon', 'japan', 'just', 'bought', 'ye', 'million', 'xrp', 'rippl', 'minut', 'ago', 'xrp', 'the', 'day', 'wow', 'url']"
2021-04-05 23:19:31,"['atus', 'atus', 'atus', 'atus', 'atus', 'atus', 'atus', 'atus', 'url']"
2021-04-05 23:19:03,"['statement', 'chang', 'benefici', 'ownership', 'url']"
2021-04-05 23:19:02,"['new', 'aicl', 'facebook', 'roll', 'out', 'dynam', 'stream', 'ad', 'url', 'get', 'all', 'the', 'latest', 'relat', 'url']"
2021-04-05 23:18:53,"['facebook', 'statement', 'chang', 'benefici', 'ownership', 'sec', 'filingfrom', 'our', 'stock', 'news', 'alert', 'app']"
2021-04-05 23:18:34,"['evercor', 'log', 'pick', 'for', 'internet', 'sector', 'high', 'but', 'not', 'peak', 'valuat', 'url', 'pin', 'amzn', 'url']"
2021-04-05 23:18:26,"['msft', 'were', 'great', 'play', 'today']"
2021-04-05 23:18:00,"['new', 'insid', 'sell', 'share', 'url']"
2021-04-05 23:17:11,"['insid', 'taylor', 'susan', 'report', 'sell', 'share', 'for', 'total', 'cost', 'url']"
2021-04-05 23:17:02,"['close', 'look', 'for', 'tsla', 'close', 'look', 'for', 'qqq', 'close', 'look', 'for', 'url']"
2021-04-05 23:16:56,"['atus', 'atus', 'wa', 'wa', 'short', 'trade', 'week', 'just', 'kept', 'cash', 'posit', 'lotto', 'riot', 'play', 'url']"
2021-04-05 23:16:49,"['fwsell', 'taylor', 'susan', 'chief', 'account', 'offic', 'facebook', 'inc', 'sold', 'share', 'url']"
2021-04-05 23:16:47,"['atus', 'and', 'amzn']"
2021-04-05 23:16:31,"['atus', 'aasx', 'due', 'airtask', 'ipo', 'lockup', 'share', 'short', 'now', 'bought', 'back', 'screen', 'insto', 'buyer']"
2021-04-05 23:16:13,"['atus', 'airtask', 'aasx', 'with', 'user', 'onc', 'link', 'with', 'ebay', 'link', 'monster', 'sek', 'goog', 'abnb', 'work']"
2021-04-05 23:16:11,"['the', 'market', 'were', 'good', 'for', 'today', 'didnt', 'even', 'check', 'crypto', 'that', 'when', 'you', 'know', 'you', 'had', 'great', 'market', 'url']"
2021-04-05 23:16:02,"['atus', 'after', 'fall', 'from', 'ipo', 'been', 'buy', 'atus', 'aasxshort', 'follow', 'credit', 'suiss', 'exit', 'share', 'price', 'manipulati']"
2021-04-05 23:15:07,"['whi', 'dont', 'use', 'googl', 'mfst', 'aapl', 'url']"
2021-04-05 23:14:47,"['atus', 'ive', 'seen', 'mani', 'peopl', 'question', 'whi', 'trade', 'such', 'low', 'ratio', 'and', 'thi', 'exactli', 'whyther', 'url']"
2021-04-05 23:14:26,"['atus', 'sold', 'some', 'today', 'start', 'posit', 'baba', 'hope', 'pay', 'off']"
2021-04-05 23:14:25,"['atus', 'atus', 'nvda', 'look', 'prime', 'mejust', 'close', 'full', 'day', 'abov', 'that', 'volum', 'supportiit', 'could', 'url']"
2021-04-05 23:14:16,"['atus', 'atus', 'and', 'atus', 'discuss', 'what', 'cybersecur', 'concern', 'mean', 'for', 'facebook', 'url']"
2021-04-05 23:14:11,"['dont', 'care', 'about', 'the', 'stock', 'price', 'compani', 'not', 'proud', 'part', 'ownerof', 'cours', 'each', 'her', 'own', 'url']"
2021-04-05 23:12:51,"['atus', 'today', 'take', 'look', 'yoy', 'app', 'download', 'data', 'for', 'the', 'month', 'marchexp', 'abnb', 'snap', 'bkng', 'pin', 'amzn', 'mtch', 'twtr']"
2021-04-05 23:12:26,"['volum', 'breakout', 'scan', 'vale', 'msft', 'nclh', 'mara', 'wmt', 'nlok', 'trox', 'googl', 'lrcx', 'orcl', 'brk']"
2021-04-05 23:10:39,"['top', 'bullish', 'flow', 'today', 'aapl', 'msft', 'tsla', 'url']"
2021-04-05 23:10:31,"['when', 'trade', 'option', 'you', 'care', 'about', 'the', 'bid', 'ask', 'spread', 'gme', 'amc', 'tsla', 'aapl', 'spx', 'spi', 'twtr', 'meli', 'nnox']"
2021-04-05 23:10:16,"['fresh', 'high', 'fresh', 'trendlin', 'url']"
2021-04-05 23:09:28,"['atus', 'fbthe', 'data', 'million', 'peopl', 'leak', 'the', 'internet', 'among', 'which', 'mine', 'the', 'stock', 'sold', 'share', 'year']"
2021-04-05 23:08:30,"['atus', 'break', 'news', 'will', 'give', 'away', 'random', 'follow', 'retweet', 'and', 'follow', 'enter', 'aci', 'nnox']"
2021-04-05 23:08:29,"['sampp', 'nasdaq', 'russel', 'technic', 'analysi', 'for', 'april', 'aapl', 'amzn', 'goog', 'tsla', 'iwm', 'ndx', 'spx', 'url']"
2021-04-05 23:08:11,"['someon', 'japan', 'just', 'bought', 'ye', 'million', 'xrp', 'rippl', 'minut', 'ago', 'xrp', 'the', 'day', 'wow', 'url']"
2021-04-05 23:06:13,"['fbthe', 'data', 'million', 'peopl', 'leak', 'the', 'internet', 'among', 'which', 'mine', 'the', 'stock', 'sold', 'share', 'url']"
2021-04-05 23:06:10,"['may', 'bloodi', 'when', 'bank', 'declar', 'their', 'real', 'loss', 'archegoscapit', 'veri', 'soon', 'dont', 'understand', 'whi', 'url']"
2021-04-05 23:05:36,"['doe', 'anyon', 'have', 'exp', 'use', 'the', 'social', 'commerc', 'platform', 'atus', 'asia', 'interest', 'compani', 'mark', 'url']"
2021-04-05 23:04:53,"['back', 'into', 'it', 'former', 'regress', 'channel', 'url']"
2021-04-05 23:03:13,"['atus', 'aapl', 'day', 'behind', 'googl', 'for', 'strong', 'popspi', 'psfe', 'qqq', 'tsla', 'pltr', 'aapl', 'amzn', 'twtr', 'msft', 'nflx', 'crm', 'penn']"
2021-04-05 23:03:08,"['atus', 'aapl', 'day', 'behind', 'googl', 'for', 'strong', 'popspi', 'psfe', 'qqq', 'tsla', 'pltr', 'aapl', 'amzn', 'twtr', 'msft', 'nflx', 'crm', 'penn']"
2021-04-05 23:03:03,"['atus', 'msft', 'guess', 'own', 'could', 'good', 'move', 'good', 'sign', 'for', 'marketsspi', 'psfe', 'qqq', 'tsla', 'pltr', 'aapl', 'amzn', 'twtr']"
2021-04-05 23:02:59,"['atus', 'fang', 'parti', 'start', 'ye', 'think', 'could', 'back', 'tomorrow', 'amzn', 'will', 'crankfb', 'had', 'it', 'day', 'todayspi']"
2021-04-05 23:02:02,"['fang', 'parti', 'start', 'ye', 'think', 'could', 'back', 'tomorrow', 'amzn', 'will', 'crankfb', 'had', 'it', 'day', 'today', 'url']"
2021-04-05 23:01:21,"['atus', 'introduc', 'dynam', 'ad', 'for', 'stream', 'fbgloboplay', 'brazilian', 'subscript', 'video', 'servic', 'use', 'dynam', 'ad', 'for', 'stream']"
2021-04-05 23:00:16,"['atus', 'fbinsan', 'strength', 'would', 'love', 'pullback', 'load', 'for', 'the', 'move', 'into', 'the', 'high', 'url']"
2021-04-05 23:00:05,"['gafam', 'goog', 'amzn', 'aapl', 'msft', 'url']"
2021-04-05 22:59:42,"['fbinsan', 'strength', 'would', 'love', 'pullback', 'load', 'for', 'the', 'move', 'into', 'the', 'high', 'url', 'url']"
2021-04-05 22:59:32,"['evid', 'russia', 'tri', 'influenc', 'brexit', 'vote', 'use', 'facebook', 'exec', 'say', 'cnbc', 'facebook', 'stockmarket', 'url']"
2021-04-05 22:59:09,"['tuesday', 'msft', 'amzn', 'tsla']"
2021-04-05 22:58:13,"['torn', 'between', 'news', 'site', 'read', 'financi', 'news', 'just', 'page', 'mat', 'pay', 'url', 'url']"
2021-04-05 22:57:13,"['msft', 'guess', 'own', 'could', 'good', 'move', 'good', 'sign', 'for', 'marketsspi', 'psfe', 'qqq', 'tsla', 'pltr', 'aapl', 'url']"
2021-04-05 22:56:19,"['via', 'jimcram', 'said', 'need', 'accept', 'but', 'have', 'never', 'realli', 'back', 'away', 'from', 'faang', 'and', 'charit', 'trust', 'url']"
2021-04-05 22:55:29,"['top', 'option', 'volumeaapl', 'tsla', 'pltr', 'msft', 'amc', 'nio', 'viac', 'amzn', 'url']"
2021-04-05 22:55:19,"['atus', 'atus', 'and', 'atus', 'discuss', 'what', 'cybersecur', 'concern', 'mean', 'for', 'facebook', 'url']"
2021-04-05 22:54:11,"['atus', 'atus', 'the', 'end', 'the', 'day', 'fundament', 'will', 'alway', 'eventu', 'play', 'out', 'the', 'market', 'googl', 'url']"
2021-04-05 22:53:29,"['atus', 'today', 'play', 'googl', 'the', 'hit', 'tgt', 'swing', 'enter', 'today', 'hit', 'far']"
2021-04-05 22:52:56,"['atus', 'facebook', 'full', 'year', 'revenu', 'sinc', 'bbbbbb']"
2021-04-05 22:50:47,"['see', 'aapl', 'might', 'have', 'contend', 'with', 'few', 'move', 'averag', 'abov', 'googl', 'wax', 'alreadi', 'abov', 'but', 'that', 'could', 'url']"
2021-04-05 22:50:12,"['the', 'day', 'wa', 'mix', 'gain', 'and', 'loss', 'but', 'glad', 'that', 'mani', 'not', 'the', 'all', 'our', 'group', 'were', 'the', 'gain', 'side', 'url']"
2021-04-05 22:48:25,"['atus', 'new', 'all', 'time', 'high', 'nasdaq', 'esf', 'aapl', 'daytrad', 'marketprofil', 'futur', 'spx', 'zbf', 'nqf', 'clf', 'gcf', 'amzn', 'xom', 'ibm']"
2021-04-05 22:47:26,"['tim', 'the', 'best', 'with', 'atus', 'url', 'aapl', 'augmentedr', 'tsla']"
2021-04-05 22:46:39,"['most', 'profit', 'trade', 'commun', 'get', 'profitsspi', 'qqq', 'amzn', 'nvda', 'tsla', 'baba', 'amd', 'aapl', 'nflx', 'url']"
2021-04-05 22:45:45,"['atus', 'discov', 'facebook', 'leak', 'kid', 'phone', 'amp', 'email', 'goal', 'then', 'forc', 'goliath', 'fix', 'it', 'messresult']"
2021-04-05 22:45:40,"['atus', 'wrap', 'recap', 'aprilalert', 'idea', 'mara', 'gttsla', 'msft', 'googl']"
2021-04-05 22:45:26,"['best', 'trade', 'made', 'long', 'time', 'easi', 'play', 'avgo', 'love', 'work', 'aapl', 'amd', 'mnta', 'gld', 'twr', 'slv', 'xom', 'wmt', 'url']"
2021-04-05 22:45:10,"['atus', 'facebook', 'share', 'hit', 'fresh', 'record', 'social', 'media', 'compani', 'take', 'out', 'peak', 'that', 'ha', 'stood', 'sinc', 'aug', 'fear', 'fade']"
2021-04-05 22:45:09,"['atus', 'option', 'impli', 'volatil', 'dayaapl', 'amzn', 'goog']"
2021-04-05 22:44:55,"['select', 'your', 'social', 'media', 'stock', 'amp', 'start', 'follow', 'portfolio', 'lnkd', 'znga', 'url', 'url']"
2021-04-05 22:44:32,"['tradeidea', 'hyln', 'stoch', 'reversingmacd', 'readi', 'turn', 'into', 'positiversi', 'near', 'oversold', 'territorypric', 'target', 'url']"
2021-04-05 22:44:05,"['facebook', 'pledg', 'suspend', 'polit', 'donat', 'then', 'quietli', 'funnel', 'gop', 'group', 'push', 'voter', 'suppressi', 'url']"
2021-04-05 22:43:51,"['new', 'all', 'time', 'high', 'nasdaq', 'esf', 'aapl', 'daytrad', 'marketprofil', 'futur', 'spx', 'zbf', 'nqf', 'clf', 'gcf', 'amzn', 'xom', 'url']"
2021-04-05 22:43:11,"['atus', 'load', 'msft', 'goog']"
2021-04-05 22:43:08,"['atus', 'atus', 'and', 'atus', 'discuss', 'what', 'cybersecur', 'concern', 'mean', 'for', 'facebook', 'url']"
2021-04-05 22:42:22,"['best', 'buy', 'for', 'the', 'internet', 'sector', 'via', 'atus', 'uber', 'spot', 'pin', 'url']"
2021-04-05 22:42:03,"['atus', 'atus', 'and', 'atus', 'discuss', 'what', 'cybersecur', 'concern', 'mean', 'for', 'facebook', 'url']"
2021-04-05 22:41:36,"['discov', 'facebook', 'leak', 'kid', 'phone', 'amp', 'email', 'goal', 'then', 'forc', 'goliath', 'fix', 'it', 'messresult', 'url']"
2021-04-05 22:41:33,"['atus', 'stock', 'trend', 'convers', 'across', 'fintwit', 'thi', 'tsla', 'nnox', 'gme', 'nvta', 'pltr', 'bfli', 'pin']"
2021-04-05 22:40:42,"['get', 'ahead', 'the', 'trend', 'here', 'xtrader', 'congrat', 'all', 'who', 'play', 'see', 'you', 'tomorrowamzn', 'aapl', 'baba', 'url']"
2021-04-05 22:40:37,"['have', 'great', 'weekend', 'just', 'remind', 'the', 'market', 'close', 'monday', 'due', 'mlk', 'day', 'see', 'you', 'tuesdayamzn', 'aapl', 'url']"
2021-04-05 22:40:03,"['atus', 'current', 'trade', 'xfcf', 'fcf', 'yieldfcf', 'could', 'grow', 'around', 'over', 'the', 'next', 'yea', 'url']"
2021-04-05 22:40:00,"['atus', 'atus', 'and', 'atus', 'discuss', 'what', 'cybersecur', 'concern', 'mean', 'for', 'facebook', 'url']"
2021-04-05 22:39:55,"['excit', 'for', 'the', 'start', 'tomorrow', 'mani', 'great', 'setup', 'learn', 'how', 'trade', 'the', 'right', 'way', 'amzn', 'aapl', 'baba', 'url']"
2021-04-05 22:39:24,"['most', 'profit', 'trade', 'commun', 'join', 'our', 'discord', 'group', 'spi', 'tsla', 'nio', 'eye', 'qqq', 'uvxi', 'gme', 'url']"
2021-04-05 22:39:12,"['atus', 'option', 'volumesaapl', 'call', 'puttsla', 'call', 'putpltr', 'call', 'putmsft']"
2021-04-05 22:38:51,"['atus', 'number', 'monthli', 'user', 'steam', 'use', 'headset', 'now', 'million', 'all', 'user', 'user', 'are', 'use', 'oculu']"
2021-04-05 22:37:30,"['look', 'the', 'year', 'hardli', 'move', 'unemploy', 'stabl', 'tech', 'strong', 'ha', 'balanc', 'sheet', 'that', 'rival', 'mo', 'url']"
2021-04-05 22:36:22,"['best', 'discord', 'group', 'over', 'member', 'and', 'even', 'have', 'their', 'own', 'app', 'join', 'here', 'tsla', 'nvda', 'baba', 'tlri', 'abnb', 'pypl', 'url']"
2021-04-05 22:36:21,"['best', 'discord', 'group', 'over', 'member', 'and', 'even', 'have', 'their', 'own', 'app', 'join', 'here', 'tsla', 'nvda', 'baba', 'tlri', 'abnb', 'pypl', 'url']"
2021-04-05 22:34:38,"['ive', 'made', 'with', 'them', 'their', 'alert', 'url', 'twtr', 'baba', 'uec', 'vetx', 'googl', 'mdli', 'url']"
2021-04-05 22:34:01,"['are', 'appl', 'googl', 'and', 'facebook', 'enabl', 'predatori', 'lend', 'aapl', 'googl', 'url']"
2021-04-05 22:33:39,"['make', 'sure', 'that', 'the', 'stock', 'your', 'trade', 'tomorrow', 'are', 'either', 'confirm', 'suppli', 'are', 'abov', 'suppli', 'and', 'confirm', 'url']"
2021-04-05 22:32:55,"['atus', 'anoth', 'six', 'figureday', 'grate', 'appreci', 'took', 'some', 'profitsfb', 'callsmsft', 'call', 'mgm', 'call']"
2021-04-05 22:32:39,"['atus', 'summari', 'ad', 'swing', 'unfi', 'ccmp', 'inmd', 'fbcurrent', 'swing', 'soxl', 'pola', 'auvi', 'daytrad', 'small', 'size', 'went']"
2021-04-05 22:32:33,"['atus', 'goog', 'and', 'msft', 'stock', 'reach', 'record', 'big', 'tech', 'bounc', 'back', 'url']"
2021-04-05 22:31:51,"['atus', 'number', 'monthli', 'user', 'steam', 'use', 'headset', 'now', 'million', 'all', 'user', 'user', 'are', 'use', 'oculu']"
2021-04-05 22:31:49,"['atus', 'hmmmmmmxspa', 'you', 'gotta', 'help', 'nclh', 'but', 'they', 'might', 'not', 'need', 'your', 'helpsav', 'air', 'travel', 'industryspi', 'url']"
2021-04-05 22:31:47,"['charli', 'munger', 'buy', 'baba', 'spi', 'qqq', 'iwm', 'tchey', 'bidu', 'tme', 'sftbi', 'amzn', 'googl', 'aapl', 'msft', 'nflx', 'url']"
2021-04-05 22:31:40,"['broke', 'out', 'thi', 'beauti', 'url']"
2021-04-05 22:31:33,"['spi', 'ath', 'break', 'let', 'see', 'what', 'price', 'action', 'look', 'like', 'url']"
2021-04-05 22:31:31,"['best', 'discord', 'group', 'over', 'member', 'and', 'even', 'have', 'their', 'own', 'app', 'join', 'here', 'acn', 'nflx', 'dltr', 'spi', 'spx', 'url']"
2021-04-05 22:31:26,"['rememb', 'cash', 'king', 'market', 'like', 'thi', 'dont', 'forcespi', 'btc', 'mara', 'cemi', 'tsla', 'tlri', 'wimi']"
2021-04-05 22:31:09,"['tsla', 'nio', 'spi', 'mdrr', 'fsli', 'novn', 'aapl', 'roku', 'solo', 'wkh', 'amd', 'nflx', 'baba', 'akba', 'amzn', 'kxin', 'cei', 'url']"
2021-04-05 22:31:00,"['atus', 'yvr', 'rkda', 'tslaour', 'overlapind', 'allow', 'you', 'use', 'multipl', 'move', 'averag', 'with', 'differ', 'time', 'frame', 'and', 'leng']"
2021-04-05 22:30:52,"['stock', 'option', 'day', 'trade', 'cldr', 'nok', 'abev', 'znga', 'save', 'mgm', 'pbr', 'snap', 'xom', 'low', 'msft', 'amzn', 'rcl', 'aapl', 'url']"
2021-04-05 22:30:48,"['bull', 'bear', 'for', 'the', 'rest', 'thi', 'week', 'spi', 'qqq', 'tsla', 'pltr', 'abnb', 'gme', 'viac', 'aapl']"
2021-04-05 22:30:46,"['crm', 'amzn', 'googl', 'googl', 'amaz', 'day', 'url']"
2021-04-05 22:29:56,"['nio', 'spi', 'tsla', 'fsli', 'staf', 'nflx', 'wkh', 'spi', 'aapl', 'baba', 'pton', 'kxin', 'cei', 'amzn', 'mdrr', 'mtc', 'xxii', 'roku', 'url']"
2021-04-05 22:29:53,"['wrap', 'recap', 'aprilalert', 'idea', 'mara', 'gttsla', 'msft', 'googl', 'url']"
2021-04-05 22:29:52,"['get', 'instant', 'updat', 'and', 'free', 'trial', 'join', 'here', 'amc', 'gme', 'nok', 'spi', 'rkt', 'aapl', 'aal', 'nakd', 'sol', 'dal', 'url']"
2021-04-05 22:29:49,"['onli', 'our', 'discord', 'bodi', 'doe', 'like', 'join', 'here', 'aapl', 'amzn', 'spce', 'meli', 'googl', 'twtr', 'nio', 'docu', 'rkt', 'url']"
2021-04-05 22:29:18,"['almost', 'half', 'mile', 'here', 'you', 'our', 'discord', 'weve', 'been', 'fire', 'aapl', 'amzn', 'nflx', 'baba', 'bidu', 'baba', 'url']"
2021-04-05 22:29:05,"['while', 'fang', 'wa', 'strong', 'and', 'spi', 'qqq', 'trendinggrowth', 'still', 'lag', 'mani', 'beta', 'name', 'like', 'ttd', 'shop', 'and', 'other', 'growth', 'url']"
2021-04-05 22:28:55,"['spi', 'pivot', 'support', 'amp', 'resist', 'for', 'amzn', 'aaplgoog', 'tsla', 'nflxnvda', 'abnb', 'amdmsft', 'url']"
2021-04-05 22:28:04,"['option', 'impli', 'volatil', 'dayaapl', 'amzn', 'goog', 'url']"
2021-04-05 22:27:43,"['atus', 'wrap', 'recap', 'aprilalert', 'idea', 'mara', 'gttsla', 'msft', 'googl']"
2021-04-05 22:27:15,"['our', 'member', 'do', 'well', 'todaycheck', 'our', 'other', 'trade', 'like', 'amzn', 'pypl', 'tsla', 'zmjoin', 'our', 'chatroom', 'for', 'more', 'url']"
2021-04-05 22:27:09,"['expect', 'death', 'from', 'all', 'causesusalook', 'feb', 'thlong', 'enough', 'time', 'report', 'mayb', 'show', 'expect', 'url']"
2021-04-05 22:27:08,"['crm', 'aapl', 'msft', 'wsm', 'amzn', 'amp', 'googl', 'were', 'the', 'play', 'todayw', 'went', 'intraday', 'playsveri', 'success', 'day', 'url']"
2021-04-05 22:26:47,"['atus', 'invest', 'the', 'futurebig', 'data', 'pltrteleheath', 'tdocmobil', 'game', 'sklzsport', 'bet', 'dkngreal', 'estat', 'open']"
2021-04-05 22:26:15,"['tradingtip', 'what', 'did', 'say', 'about', 'trendquit', 'buy', 'dip', 'fomowait', 'for', 'trend', 'day', 'build', 'confirmationbu', 'url']"
2021-04-05 22:24:33,"['atus', 'number', 'monthli', 'user', 'steam', 'use', 'headset', 'now', 'million', 'all', 'user', 'user', 'are', 'use', 'oculu']"
2021-04-05 22:24:09,"['short', 'all', 'can', 'tomorrow']"
2021-04-05 22:24:06,"['atus', 'good', 'stock', 'but', 'match', 'for']"
2021-04-05 22:23:11,"['stock', 'pick', 'from', 'top', 'internet', 'analyst', 'amzn', 'pin', 'uber', 'spot', 'url']"
2021-04-05 22:22:57,"['atus', 'atus', 'can', 'ignor', 'person', 'breach', 'think', 'amzn', 'can', 'ignor', 'alabama', 'warehous', 'vote', 'imagin', 'it', 'more']"
2021-04-05 22:21:49,"['atus', 'congrat', 'all', 'the', 'long', 'for', 'surviv', 'that', 'brutal', 'month', 'drawdown', 'without', 'give', 'way', 'existenti', 'dread', 'http']"
2021-04-05 22:20:48,"['stock', 'gain', 'after', 'hour', 'btxweictrmqcomfbcheck', 'the', 'float', 'with', 'floatcheckerstock', 'stockmarket']"
2021-04-05 22:18:11,"['suit', 'alreadi', 'prepar', 'for', 'tomorrow', 'pullback', 'tsl', 'aapl', 'googl', 'orcl', 'nclh', 'rcl', 'ccl', 'aal', 'dal', 'ual', 'url']"
2021-04-05 22:18:06,"['ath', 'url']"
2021-04-05 22:17:58,"['atus', 'million', 'bullish', 'call', 'option', 'bet', 'facebook', 'today']"
2021-04-05 22:17:23,"['wa', 'quit', 'weird', 'day', 'market', 'today', 'nasdaq', 'perform', 'pretti', 'well', 'although', 'major', 'these', 'growth', 'stock', 'url']"
2021-04-05 22:16:09,"['scan', 'from', 'monday', 'april', 'url', 'url', 'aapl', 'pypl', 'nflx', 'url']"
2021-04-05 22:15:46,"['app', 'pin', 'upst', 'futu', 'look', 'veri', 'strong', 'growth', 'land', 'watch', 'these', 'name', 'leader', 'into', 'next', 'market', 'url']"
2021-04-05 22:15:23,"['atus', 'invest', 'the', 'futurebig', 'data', 'pltrteleheath', 'tdocmobil', 'game', 'sklzsport', 'bet', 'dkngreal', 'estat', 'open']"
2021-04-05 22:15:10,"['atus', 'ive', 'been', 'pound', 'the', 'tabl', 'for', 'month', 'pound', 'url']"
2021-04-05 22:13:32,"['ticker', 'with', 'the', 'most', 'bearish', 'news', 'sentiment', 'for', 'est', 'amzn', 'mcd', 'nvda', 'plug', 'twtr', 'xom', 'url']"
2021-04-05 22:13:05,"['atus', 'yvr', 'rkda', 'tslaour', 'overlapind', 'allow', 'you', 'use', 'multipl', 'move', 'averag', 'with', 'differ', 'time', 'frame', 'and', 'leng']"
2021-04-05 22:12:29,"['goog', 'and', 'msft', 'stock', 'reach', 'record', 'big', 'tech', 'bounc', 'back', 'url']"
2021-04-05 22:11:09,"['hotopt', 'report', 'for', 'end', 'day', 'april', 'aapl', 'tsla', 'pltr', 'msft', 'amc', 'nio', 'viac', 'amzn', 'url']"
2021-04-05 22:10:51,"['ive', 'been', 'pound', 'the', 'tabl', 'for', 'month', 'pound', 'url']"
2021-04-05 22:10:03,"['summari', 'ad', 'swing', 'unfi', 'ccmp', 'inmd', 'fbcurrent', 'swing', 'soxl', 'pola', 'auvi', 'daytrad', 'small', 'size', 'url']"
2021-04-05 22:09:47,"['anoth', 'six', 'figureday', 'grate', 'appreci', 'took', 'some', 'profitsfb', 'callsmsft', 'call', 'mgm', 'call', 'url']"
2021-04-05 22:09:06,"['shhhhjustshar', 'spi', 'psfe', 'qqq', 'tsla', 'pltr', 'aapl', 'amzn', 'twtr', 'msft', 'nflx', 'crm', 'penn', 'nvda', 'googl', 'shop', 'url']"
2021-04-05 22:08:02,"['big', 'cap', 'tech', 'lead', 'the', 'day', 'with', 'googl', 'and', 'lead', 'the', 'way', 'small', 'cap', 'financi', 'and', 'higher', 'valuat', 'name', 'url']"
2021-04-05 22:06:47,"['atus', 'option', 'volumesaapl', 'call', 'puttsla', 'call', 'putpltr', 'call', 'putmsft']"
2021-04-05 22:05:04,"['appar', 'be', 'hack', 'for', 'half', 'billion', 'peopl', 'data', 'conform', 'the', 'ccp', 'and', 'the', 'crumbl', 'section', 'url']"
2021-04-05 22:04:53,"['atus', 'dont', 'forget', 'about', 'faangfbamznaaplnflxgoog', 'url']"
2021-04-05 22:04:41,"['ive', 'made', 'with', 'them', 'their', 'alert', 'urlso', 'xelb', 'pltr', 'aci', 'btcx', 'ethx', 'url']"
2021-04-05 22:04:36,"['current', 'holdingsfb', 'goog', 'spce', 'amzn', 'pin', 'sbux']"
2021-04-05 22:03:32,"['atus', 'great', 'day', 'trade', 'googl', 'tsla', 'aapl', 'thank', 'mentor', 'atus', 'atus', 'sold', 'too', 'earli', 'and', 'tsla']"
2021-04-05 22:02:40,"['top', 'stock', 'trend', 'wallstreetbet', 'volum', 'estspi', 'tsla', 'gme', 'aso', 'pltr', 'amc', 'aapl', 'nio']"
2021-04-05 22:02:26,"['atus', 'the', 'more', 'read', 'about', 'the', 'more', 'bullish', 'becom', 'the', 'number', 'wont', 'reflect', 'the', 'whole', 'stori', 'but', 'themat', 'thi', 'cou']"
2021-04-05 22:01:48,"['atus', 'lot', 'investor', 'were', 'sleep', 'now', 'they', 'are', 'play', 'catch', 'you', 'can', 'alway', 'find', 'reason', 'whi', 'not', 'like']"
2021-04-05 22:01:14,"['atus', 'amzn', 'the', 'most', 'popular', 'hold', 'among', 'hedg', 'fund', 'institut', 'investor', 'continu', 'load', 'increas']"
2021-04-05 22:01:09,"['most', 'activ', 'stock', 'today', 'after', 'hour', 'tradinggener', 'electr', 'getesla', 'tslaappl', 'aaplviacomcb', 'viacdi', 'url']"
2021-04-05 22:00:55,"['big', 'tech', 'hasnt', 'move', 'sinc', 'juli', 'dont', 'think', 'for', 'second', 'that', 'are', 'too', 'high', 'rotat', 'the', 'lifeblood', 'url']"
2021-04-05 22:00:48,"['atus', 'video', 'for', 'tomorrowamc', 'msft', 'aapl', 'wmt', 'tgt', 'amzn', 'spi', 'url', 'url']"
2021-04-05 22:00:33,"['atus', 'number', 'monthli', 'user', 'steam', 'use', 'headset', 'now', 'million', 'all', 'user', 'user', 'are', 'use', 'oculu']"
2021-04-05 21:58:30,"['great', 'day', 'trade', 'googl', 'tsla', 'aapl', 'thank', 'mentor', 'atus', 'atus', 'sold', 'too', 'earli', 'url']"
2021-04-05 21:58:07,"['break', 'out', 'veri', 'clean', 'glad', 'wa', 'abl', 'put', 'out', 'thi', 'articl', 'befor', 'thi', 'big', 'move', 'for', 'readersfacebo', 'url']"
2021-04-05 21:57:23,"['atus', 'number', 'monthli', 'user', 'steam', 'use', 'headset', 'now', 'million', 'all', 'user', 'user', 'are', 'use', 'oculu']"
2021-04-05 21:56:58,"['atus', 'updatedaytradingspx', 'swingtrad', 'amzn', 'non', 'realizedspi', 'url']"
2021-04-05 21:56:40,"['atus', 'facebook', 'broke', 'new', 'histor', 'high', 'settl', 'uoa', 'aprth', 'call', 'origin', 'highlig']"
2021-04-05 21:56:25,"['shhhhjustshar', 'spi', 'psfe', 'qqq', 'tsla', 'pltr', 'aapl', 'amzn', 'twtr', 'msft', 'nflx', 'crm', 'penn', 'nvda', 'googl', 'shop', 'url']"
2021-04-05 21:55:51,"['atus', 'number', 'monthli', 'user', 'steam', 'use', 'headset', 'now', 'million', 'all', 'user', 'user', 'are', 'use', 'oculu']"
2021-04-05 21:54:14,"['atus', 'googl', 'msft', 'out', 'all', 'time', 'high', 'that', 'differ', 'amzn', 'aapl', 'slouch', 'either', 'thi', 'morn']"
2021-04-05 21:54:12,"['shhhhjustshar', 'spi', 'psfe', 'qqq', 'tsla', 'pltr', 'aapl', 'amzn', 'twtr', 'msft', 'nflx', 'crm', 'penn', 'nvda', 'googl', 'shop', 'url']"
2021-04-05 21:54:11,"['amzn', 'soxl', 'are', 'you', 'our', 'discord', 'yet', 'url']"
2021-04-05 21:54:06,"['atus', 'option', 'volumesaapl', 'call', 'puttsla', 'call', 'putpltr', 'call', 'putmsft']"
2021-04-05 21:53:32,"['atus', 'three', 'most', 'wide', 'held', 'amp', 'biggest', 'stock', 'among', 'hedg', 'fund', 'all', 'made', 'new', 'ath', 'todaygoogl', 'intrada']"
2021-04-05 21:50:26,"['atus', 'googl', 'msft', 'out', 'all', 'time', 'high', 'that', 'differ', 'amzn', 'aapl', 'slouch', 'either', 'thi', 'morn']"
2021-04-05 21:50:11,"['atus', 'option', 'volumesaapl', 'call', 'puttsla', 'call', 'putpltr', 'call', 'putmsft']"
2021-04-05 21:50:06,"['atus', 'tradingtip', 'what', 'did', 'say', 'about', 'trendquit', 'buy', 'dip', 'fomowait', 'for', 'trend', 'day', 'build', 'confirmationbuy', 'high']"
2021-04-05 21:49:25,"['atus', 'wrap', 'recap', 'aprilalert', 'idea', 'mara', 'gttsla', 'msft', 'googl']"
2021-04-05 21:48:53,"['aapl', 'and', 'rip', 'must', 'look', 'nice', 'the', 'daili', 'chart', 'havent', 'look', 'yet']"
2021-04-05 21:48:44,"['nclh', 'norwegian', 'cruis', 'line', 'hold', 'will', 'requir', 'all', 'passeng', 'and', 'crew', 'vaccin', 'covid', 'befor', 'the', 'url']"
2021-04-05 21:48:18,"['atus', 'optionstradingmarketsaapl', 'call', 'puttsla', 'call', 'putpltr', 'call', 'put']"
2021-04-05 21:48:03,"['atus', 'optionstradingmarketsaapl', 'call', 'puttsla', 'call', 'putpltr', 'call', 'put']"
2021-04-05 21:47:07,"['atus', 'wrap', 'recap', 'aprilalert', 'idea', 'mara', 'gttsla', 'msft', 'googl']"
2021-04-05 21:45:42,"['updatealertswatchlist', 'all', 'are', 'here', 'thi', 'discord', 'group', 'kmember', 'wynn', 'home', 'kndi', 'mobl', 'cbat', 'url']"
2021-04-05 21:45:39,"['atus', 'monday', 'option', 'volumesaapl', 'call', 'puttsla', 'call', 'putpltr', 'call', 'putmsf']"
2021-04-05 21:45:35,"['discord', 'best', 'stock', 'trader', 'group', 'out', 'thereupd', 'chatroom', 'analysisbidu', 'save', 'work', 'aapl', 'url']"
2021-04-05 21:45:34,"['atus', 'wrap', 'recap', 'aprilalert', 'idea', 'mara', 'gttsla', 'msft', 'googl']"
2021-04-05 21:44:06,"['amaz', 'get', 'win', 'alert', 'bynd', 'useg', 'shop', 'dkng', 'nov', 'myov', 'apdn', 'mxc', 'bzun', 'spi', 'qqq', 'amzn', 'nvda', 'url']"
2021-04-05 21:43:58,"['googl', 'didnt', 'play', 'most', 'money', 'wa', 'and', 'msft', 'url']"
2021-04-05 21:43:25,"['atus', 'monthli', 'pampl', 'for', 'marchsolid', 'month', 'momentum', 'slow', 'down', 'toward', 'the', 'second', 'half', 'the', 'month', 'but', 'were', 'still', 'abl']"
2021-04-05 21:43:22,"['atus', 'wrap', 'recap', 'aprilalert', 'idea', 'mara', 'gttsla', 'msft', 'googl']"
2021-04-05 21:42:45,"['start', 'trade', 'month', 'ago', 'and', 'made', 'big', 'thank', 'thi', 'amzn', 'love', 'work', 'aapl', 'amd', 'mnta', 'gld', 'twr', 'url']"
2021-04-05 21:42:39,"['new', 'free', 'option', 'and', 'stock', 'discord', 'link', 'bio', 'join', 'nowbtc', 'eth', 'ech', 'bch', 'ltc', 'ampl', 'xtz', 'xlm', 'xom', 'mara', 'url']"
2021-04-05 21:41:27,"['atus', 'wrap', 'recap', 'aprilalert', 'idea', 'mara', 'gttsla', 'msft', 'googl']"
2021-04-05 21:41:14,"['atus', 'what', 'yall', 'chart', 'thi', 'week', 'look', 'wmt', 'tgt', 'aapl', 'riot', 'mara']"
2021-04-05 21:40:29,"['updatedaytradingspx', 'swingtrad', 'amzn', 'non', 'realizedspi', 'url']"
2021-04-05 21:39:32,"['number', 'monthli', 'user', 'steam', 'use', 'headset', 'now', 'million', 'all', 'user', 'user', 'are', 'use', 'ocu', 'url']"
2021-04-05 21:39:06,"['atus', 'themoreyouknow', 'wa', 'softbank', 'second', 'largest', 'posit', 'their', 'asset', 'manag', 'arm', 'last', 'sftbybelieveinz']"
2021-04-05 21:39:04,"['the', 'nasdaq', 'index', 'still', 'below', 'it', 'recent', 'peak', 'but', 'three', 'it', 'big', 'five', 'stock', 'alphabet', 'googl', 'faceboo', 'url']"
2021-04-05 21:37:54,"['best', 'discord', 'group', 'over', 'member', 'and', 'even', 'have', 'their', 'own', 'app', 'join', 'here', 'tsla', 'nvda', 'baba', 'tlri', 'abnb', 'pypl', 'url']"
2021-04-05 21:37:36,"['atus', 'wrap', 'recap', 'aprilalert', 'idea', 'mara', 'gttsla', 'msft', 'googl']"
2021-04-05 21:36:56,"['qqq', 'these', 'last', 'few', 'day', 'thi', 'ralli', 'are', 'built', 'like', 'jenga', 'tower', 'the', 'foundat', 'ha', 'too', 'mani', 'gap', 'will', 'fill', 'url']"
2021-04-05 21:36:54,"['someon', 'japan', 'just', 'bought', 'ye', 'million', 'xrp', 'rippl', 'minut', 'ago', 'xrp', 'the', 'day', 'wow', 'url']"
2021-04-05 21:36:39,"['atus', 'would', 'add', 'that', 'pin', 'demograph', 'their', 'use', 'platform', 'for', 'shop', 'intent', 'best', 'class', 'among', 'url']"
2021-04-05 21:36:16,"['atus', 'amzn', 'settl', 'new', 'hist', 'high', 'are', 'due', 'thi', 'should', 'follow', 'googl', 'msft', 'and', 'your', 'await']"
2021-04-05 21:35:56,"['ndx', 'daili', 'chart', 'with', 'fib', 'levelsqqq', 'aapl', 'msft', 'goog', 'amzn', 'url']"
2021-04-05 21:35:37,"['atus', 'improp', 'chart', 'app', 'dkng', 'continu', 'lag', 'other', 'former', 'leadership', 'such', 'pypl', 'net', 'continu', 'repair', 'its']"
2021-04-05 21:34:24,"['btc', 'eth', 'link', 'xtz', 'ada', 'vet', 'knc', 'sxp', 'twtr', 'baba', 'bidu', 'tme', 'tsla', 'spi', 'qqq', 'di', 'tsla', 'shopamd', 'url']"
2021-04-05 21:34:07,"['trade', 'idea', 'weekli', 'url', 'free', 'trade', 'week', 'via', 'url', 'url']"
2021-04-05 21:33:37,"['nflx', 'lost', 'market', 'share', 'the', 'last', 'year', 'stream', 'rival', 'viac', 'cmcsa', 'di', 'nflx', 'aapl', 'sne', 'roku', 'url']"
2021-04-05 21:32:53,"['atus', 'wrap', 'recap', 'aprilalert', 'idea', 'mara', 'gttsla', 'msft', 'googl']"
2021-04-05 21:32:45,"['atus', 'wrap', 'recap', 'aprilalert', 'idea', 'mara', 'gttsla', 'msft', 'googl']"
2021-04-05 21:32:34,"['aapl', 'about', 'squeez', 'major', 'nake', 'short', 'attack', 'hereaapl', 'msft', 'nok', 'snap', 'athn', 'ato', 'aker', 'mat', 'mini', 'url']"
2021-04-05 21:32:33,"['wrap', 'recap', 'aprilalert', 'idea', 'mara', 'gttsla', 'msft', 'googl', 'url']"
2021-04-05 21:31:33,"['atus', 'unreal', 'start', 'the', 'week', 'and', 'best', 'day', 'ive', 'had', 'while', 'caught', 'googl', 'and', 'amzn', 'today', 'secur']"
2021-04-05 21:30:51,"['pretti', 'classic', 'move', 'within', 'frustrat', 'trade', 'rang', 'jan', 'bounc', 'the', 'wa', 'great', 'entrya', 'url']"
2021-04-05 21:30:24,"['atus', 'updat', 'ath', 'today', 'like', 'put', 'retrac', 'befor', 'finish', 'off', 'thi', 'wave', 'earn', 'the', 'end', 'the', 'mon']"
2021-04-05 21:29:15,"['rememb', 'when', 'everyon', 'hate', 'less', 'than', 'month', 'ago', 'now', 'straight', 'baba', 'the', 'same', 'boat', 'where', 'everi', 'url']"
2021-04-05 21:28:54,"['sonar', 'trade', 'optionsflow', 'callexpir', 'size', 'trade', 'cost', 'stock', 'url']"
2021-04-05 21:28:44,"['atus', 'googl', 'msft', 'out', 'all', 'time', 'high', 'that', 'differ', 'amzn', 'aapl', 'slouch', 'either', 'thi', 'morn']"
2021-04-05 21:27:40,"['larg', 'print', 'size', 'price', 'time', 'amount']"
2021-04-05 21:26:17,"['atus', 'aapl', 'day', 'behind', 'googl', 'for', 'strong', 'popspi', 'psfe', 'qqq', 'tsla', 'pltr', 'aapl', 'amzn', 'twtr', 'msft', 'nflx', 'crm', 'penn']"
2021-04-05 21:26:00,"['what', 'yall', 'chart', 'thi', 'week', 'look', 'wmt', 'tgt', 'aapl', 'riot', 'mara']"
2021-04-05 21:25:40,"['atus', 'monthli', 'pampl', 'for', 'marchsolid', 'month', 'momentum', 'slow', 'down', 'toward', 'the', 'second', 'half', 'the', 'month', 'but', 'were', 'still', 'abl']"
2021-04-05 21:25:28,"['the', 'tweet', 'took', 'profit', 'and', 'still', 'let', 'some', 'run', 'url']"
2021-04-05 21:25:25,"['atus', 'improp', 'chart', 'app', 'dkng', 'continu', 'lag', 'other', 'former', 'leadership', 'such', 'pypl', 'net', 'continu', 'repair', 'its']"
2021-04-05 21:24:54,"['atus', 'vision', 'financ', 'live', 'news', 'facebook', 'next', 'crypto', 'stock', 'soar', 'better', 'than', 'ethereum', 'facebook', 'ethereum', 'cryptonew', 'bit']"
2021-04-05 21:24:36,"['time', 'short', 'dont', 'judg', 'just', 'wish', 'luck', 'and', 'the', 'million', 'facebook', 'user', 'who', 'had', 'their', 'dat', 'url']"
2021-04-05 21:24:03,"['atus', 'tsla', 'call', 'ibm', 'call', 'mara', 'call', 'and', 'share', 'eeenf', 'share', 'msft', 'call', 'call']"
2021-04-05 21:23:42,"['atus', 'think', 'ill', 'write', 'long', 'idea', 'around', 'the', 'hidden', 'valu', 'themebarron', 'too', 'late', 'atus', 'url']"
2021-04-05 21:23:37,"['tsla', 'msft', 'stock', 'market', 'ralli', 'hit', 'record', 'high', 'tesla', 'surg', 'tech', 'giant', 'break', 'out', 'url']"
2021-04-05 21:23:35,"['monmonthlt', 'fnko', 'thugoogl', 'msft', 'aapl', 'mara', 'riot', 'tgt', 'eatuesday', 'april', 'amjob', 'openingsf', 'url']"
2021-04-05 21:23:23,"['atus', 'million', 'user', 'data', 'leak', 'onlin', 'facebookresultfb', 'new', 'all', 'time', 'high']"
2021-04-05 21:23:22,"['atus', 'market', 'watchlist', 'for', 'the', 'sunday', 'webinar', 'for', 'member', 'go', 'over', 'thi', 'week', 'watchlist', 'and', 'the', 'overal', 'mark']"
2021-04-05 21:23:09,"['tri', 'sell', 'coupl', 'shirt', 'for', 'class', 'project', 'url', 'help', 'reach', 'shirt', 'and', 'ill', 'drop', 'url']"
2021-04-05 21:23:08,"['monster', 'day', 'for', 'goog', 'sleep', 'giant', 'have', 'awoken']"
2021-04-05 21:22:53,"['vision', 'financ', 'live', 'news', 'facebook', 'next', 'crypto', 'stock', 'soar', 'better', 'than', 'ethereum', 'facebook', 'ethereum', 'url']"
2021-04-05 21:22:03,"['atus', 'today', 'take', 'look', 'yoy', 'app', 'download', 'data', 'for', 'the', 'month', 'marchexp', 'abnb', 'snap', 'bkng', 'pin', 'amzn', 'mtch', 'twtr']"
2021-04-05 21:21:44,"['facebook', 'broke', 'new', 'histor', 'high', 'settl', 'uoa', 'aprth', 'call', 'origin', 'hig', 'url']"
2021-04-05 21:21:08,"['atus', 'top', 'stock', 'trend', 'among', 'guru', 'the', 'last', 'hour', 'base', 'our', 'heat', 'map', 'tsla', 'pltr', 'gme', 'mara']"
2021-04-05 21:20:18,"['appl', 'war', 'lol', 'let', 'the', 'troll', 'begin', 'appl', 'iphon', 'autocorrect', 'zuckerberg', 'sucker', 'berg', 'url']"
2021-04-05 21:18:56,"['goog', 'amc', 'aapl', 'unfi', 'amc', 'wmt', 'hog', 'nnox', 'msft', 'czr', 'tsla', 'mara', 'today', 'blackboxstock', 'amp', 'url']"
2021-04-05 21:18:30,"['amzn', 'seem', 'have', 'final', 'woken', 'bullish', 'revers', 'the', 'monthli', 'chart', 'with', 'the', 'next', 'big', 'target', 'which', 'url']"
2021-04-05 23:58:33,"['atus', 'peopl', 'excus', 'cover', 'fact', 'arent', 'prepar', 'trade', 'bring', 'url']"
2021-04-05 23:57:43,"['oculu', 'intern', 'space', 'station', 'major', 'mover', 'advantag', 'vr', 'atus', 'url']"
2021-04-05 23:57:28,"['pin', 'start', 'scale', 'dip', 'buy', 'scale', 'scale', 'commun', 'sector', 'stron', 'url']"
2021-04-05 23:56:16,"['atus', 'japanes', 'pm', 'shinzō', 'abe', 'financi', 'firm', 'bought', 'xrp', 'minut', 'ago', 'million', 'xrp', 'rippl']"
2021-04-05 23:56:02,"['number', 'lead', 'stock', 'today', 'spi', 'qqq', 'googl', 'amzn', 'dailystkleadercount', 'bitcoin', 'btc']"
2021-04-05 23:54:40,"['atus', 'great', 'day', 'faang', 'ownersfb', 'amzn', 'googl', 'zebra', 'lo']"
2021-04-05 23:53:59,"['good', 'luck', 'red', 'market', 'tomorrow', 'googl', 'orcl', 'nclh', 'ccl', 'ba', 'aal', 'dal', 'ual', 'wynn', 'czr', 'mgm', 'url']"
2021-04-05 23:53:54,"['atus', 'atus', 'atus', 'discuss', 'cybersecur', 'concern', 'facebook', 'url']"
2021-04-05 23:53:52,"['commun', 'co', 'amp', 'googl', 'reach', 'time', 'close', 'high', 'url']"
2021-04-05 23:53:30,"['japanes', 'pm', 'shinzō', 'abe', 'financi', 'firm', 'bought', 'xrp', 'minut', 'ago', 'million', 'xrp', 'url']"
2021-04-05 23:53:26,"['barryschwartzbw', 'time', 'purchas', 'url']"
2021-04-05 23:52:49,"['soooo', 'shw', 'back', 'kinda', 'play', 'enjoy', 'make', 'amzn', 'goog']"
2021-04-05 23:52:05,"['time', 'purchas', 'url']"
2021-04-05 23:50:26,"['barryschwartzbw', 'hmm', 'goog', 'amzn', 'underperform', 'long']"
2021-04-05 23:50:03,"['atus', 'lot', 'investor', 'sleep', 'play', 'catch', 'find', 'reason']"
2021-04-05 23:47:29,"['atus', 'atus', 'atus', 'atus', 'atus', 'mention', 'advertis', 'potenti']"
2021-04-05 23:46:37,"['atus', 'atus', 'atus', 'atus', 'atus', 'atus', 'perspect', 'ama', 'url']"
2021-04-05 23:44:30,"['atus', 'facebook', 'alphabet', 'microsoft', 'share', 'soar', 'time', 'high', 'googl', 'spi', 'url']"
2021-04-05 23:44:29,"['nqf', 'nice', 'move', 'upsid', 'qqq', 'amzn', 'url']"
2021-04-05 23:44:26,"['atus', 'wholeheartedli', 'disagre', 'leg', 'imo', 'rotat', 'reason', 'price', 'growth', 'url']"
2021-04-05 23:44:13,"['atus', 'amp', 'goog', 'matter', 'favor', 'risk', 'reward', 'play', 'basic', 'stuff', 'smart', 'predictin']"
2021-04-05 23:43:53,"['atus', 'atus', 'atus', 'atus', 'atus', 'interest', 'indian', 'hook', 'url']"
2021-04-05 23:43:14,"['watchlist', 'tomorrow', 'amzn', 'momentum', 'gt', 'googl', 'momentum', 'gt', 'momentum', 'gt', 'url']"
2021-04-05 23:43:09,"['facebook', 'alphabet', 'microsoft', 'share', 'soar', 'time', 'high', 'googl', 'spi', 'url']"
2021-04-05 23:42:57,"['atus', 'leak', 'includ', 'person', 'inform', 'million', 'facebook', 'user', 'phone', 'number', 'facebook', 'id', 'full', 'name', 'locati']"
2021-04-05 23:42:21,"['list', 'boycot', 'compani', 'longnik', 'nkedisney', 'disgoogl', 'googfacebook', 'fbtwitter', 'url']"
2021-04-05 23:41:18,"['atus', 'number', 'monthli', 'user', 'steam', 'vr', 'headset', 'million', 'user', 'user', 'oculu']"
2021-04-05 23:41:08,"['atus', 'million', 'bullish', 'call', 'option', 'bet', 'facebook', 'today']"
2021-04-05 23:37:25,"['broke', 'wk', 'cup', 'handl', 'today', 'avg', 'vol', 'pocket', 'pivot', 'put', 'abou', 'url']"
2021-04-05 23:37:19,"['facebook', 'sec', 'file', 'form', 'url']"
2021-04-05 23:36:44,"['japanes', 'pm', 'shinzō', 'abe', 'financi', 'firm', 'bought', 'xrp', 'minut', 'ago', 'million', 'xrp', 'url']"
2021-04-05 23:36:13,"['atus', 'amp', 'goog', 'matter', 'favor', 'risk', 'reward', 'play', 'basic', 'stuff', 'smart', 'predictin']"
2021-04-05 23:35:26,"['atus', 'nois', 'opinion', 'undervalu', 'help', 'friend', 'administr', 'url']"
2021-04-05 23:35:23,"['manarkk', 'sell', 'liquid', 'larg', 'cap', 'amzn', 'goog', 'buy', 'illiquid', 'high', 'growth', 'smal', 'url']"
2021-04-05 23:35:12,"['atus', 'buy', 'brother', 'alcohol', 'parti', 'time', 'long', 'hard', 'bea', 'url']"
2021-04-05 23:33:44,"['atus', 'clean', 'energi', 'mutual', 'fundfb', 'platform', 'surveil', 'mutual', 'fundcash', 'googi', 'hold', 'ba', 'lockhe']"
2021-04-05 23:33:28,"['call', 'hit', 'today', 'congrat']"
2021-04-05 23:33:18,"['atus', 'close', 'posit', 'feb', 'know', 'corner', 'open', 'url']"
2021-04-05 23:33:12,"['pivot', 'target', 'target', 'spi', 'spx', 'esf', 'qqq', 'nqf', 'url']"
2021-04-05 23:32:59,"['straight', 'wl', 'told', 'want', 'ath', 'url']"
2021-04-05 23:32:13,"['own', 'sell', 'underag', 'brother', 'alcohol', 'cigarett', 'kinda', 'suck']"
2021-04-05 23:31:27,"['atus', 'fbinsan', 'strength', 'love', 'pullback', 'load', 'move', 'high', 'url']"
2021-04-05 23:31:02,"['statement', 'benefici', 'ownership', 'url']"
2021-04-05 23:30:46,"['amzn', 'googl', 'goog', 'faang', 'bear', 'week', 'url']"
2021-04-05 23:30:23,"['penn', 'ino', 'mara', 'aal', 'opti', 'spi', 'srne', 'sunw', 'dkng', 'hexo', 'boxl', 'ibio', 'vxrt', 'acb', 'nio', 'gme', 'fsr', 'url']"
2021-04-05 23:30:00,"['insid', 'mark', 'zuckerberg', 'report', 'sell', 'share', 'total', 'cost', 'url']"
2021-04-05 23:29:43,"['fwsell', 'zuckerberg', 'mark', 'cob', 'ceo', 'facebook', 'sold', 'share', 'url']"
2021-04-05 23:27:49,"['atus', 'japan', 'bought', 'million', 'xrp', 'rippl', 'minut', 'ago', 'xrp', 'day', 'wow', 'bu']"
2021-04-05 23:27:35,"['continu', 'move', 'rest', 'week', 'higher', 'make', 'feel', 'url']"
2021-04-05 23:27:22,"['atus', 'call', 'ibm', 'call', 'mara', 'call', 'share', 'eeenf', 'share', 'call', 'call']"
2021-04-05 23:25:09,"['atus', 'facebook', 'pledg', 'suspend', 'polit', 'donat', 'quietli', 'funnel', 'gop', 'group', 'push', 'voter', 'suppress']"
2021-04-05 23:24:13,"['atus', 'atus', 'atus', 'atus', 'atus', 'atus', 'atus', 'atus', 'url']"
2021-04-05 23:24:02,"['facebook', 'sec', 'file', 'form', 'url']"
2021-04-05 23:23:53,"['atus', 'disrupt', 'innov', 'worksth', 'age', 'microdisplay', 'arrivedurlkopn', 'eman', 'sne']"
2021-04-05 23:22:53,"['disrupt', 'innov', 'worksth', 'age', 'microdisplay', 'arrivedurlkopn', 'url']"
2021-04-05 23:22:41,"['popular', 'stock', 'discuss', 'cciv', 'twitter', 'cciv', 'nio', 'gme', 'amc', 'fubo', 'fsrpltr', 'url']"
2021-04-05 23:22:32,"['atus', 'today', 'yoy', 'app', 'download', 'data', 'month', 'marchexp', 'abnb', 'snap', 'bkng', 'pin', 'amzn', 'mtch']"
2021-04-05 23:21:58,"['atus', 'tradingtip', 'trendquit', 'buy', 'dip', 'fomowait', 'trend', 'day', 'build', 'confirmationbuy', 'high', 'se']"
2021-04-05 23:21:23,"['japan', 'bought', 'million', 'xrp', 'rippl', 'minut', 'ago', 'xrp', 'day', 'wow', 'url']"
2021-04-05 23:19:31,"['atus', 'atus', 'atus', 'atus', 'atus', 'atus', 'atus', 'atus', 'url']"
2021-04-05 23:19:03,"['statement', 'benefici', 'ownership', 'url']"
2021-04-05 23:19:02,"['aicl', 'facebook', 'roll', 'dynam', 'stream', 'ad', 'url', 'latest', 'relat', 'url']"
2021-04-05 23:18:53,"['facebook', 'statement', 'benefici', 'ownership', 'sec', 'filingfrom', 'stock', 'news', 'alert', 'app']"
2021-04-05 23:18:34,"['evercor', 'log', 'pick', 'internet', 'sector', 'high', 'peak', 'valuat', 'url', 'pin', 'amzn', 'url']"
2021-04-05 23:18:26,"['great', 'play', 'today']"
2021-04-05 23:18:00,"['insid', 'sell', 'share', 'url']"
2021-04-05 23:17:11,"['insid', 'taylor', 'susan', 'js', 'report', 'sell', 'share', 'total', 'cost', 'url']"
2021-04-05 23:17:02,"['close', 'close', 'qqq', 'close', 'url']"
2021-04-05 23:16:56,"['atus', 'atus', 'short', 'trade', 'week', 'cash', 'posit', 'lotto', 'da', 'riot', 'play', 'url']"
2021-04-05 23:16:49,"['fwsell', 'taylor', 'susan', 'js', 'chief', 'account', 'offic', 'facebook', 'sold', 'share', 'url']"
2021-04-05 23:16:47,"['atus', 'amzn']"
2021-04-05 23:16:31,"['atus', 'aasx', 'due', 'airtask', 'ipo', 'lockup', 'share', 'short', 'hv', 'bought', 'back', 'screen', 'cs', 'insto', 'buyer']"
2021-04-05 23:16:13,"['atus', 'airtask', 'aasx', 'user', 'link', 'ebay', 'link', 'monster', 'sek', 'goog', 'abnb', 'work']"
2021-04-05 23:16:11,"['market', 'good', 'today', 'didnt', 'check', 'crypto', 'great', 'market', 'url']"
2021-04-05 23:16:02,"['atus', 'fall', 'ipo', 'buy', 'atus', 'aasxshort', 'credit', 'suiss', 'exit', 'share', 'price', 'manipulati']"
2021-04-05 23:15:07,"['dont', 'googl', 'mfst', 'url']"
2021-04-05 23:14:47,"['atus', 'ive', 'peopl', 'question', 'trade', 'low', 'ratio', 'whyther', 'url']"
2021-04-05 23:14:26,"['atus', 'sold', 'today', 'start', 'posit', 'baba', 'pay']"
2021-04-05 23:14:25,"['atus', 'atus', 'nvda', 'prime', 'mejust', 'close', 'full', 'day', 'volum', 'supportiit', 'ri', 'url']"
2021-04-05 23:14:16,"['atus', 'atus', 'atus', 'discuss', 'cybersecur', 'concern', 'facebook', 'url']"
2021-04-05 23:14:11,"['dont', 'care', 'stock', 'price', 'compani', 'im', 'proud', 'part', 'ownerof', 'url']"
2021-04-05 23:12:51,"['atus', 'today', 'yoy', 'app', 'download', 'data', 'month', 'marchexp', 'abnb', 'snap', 'bkng', 'pin', 'amzn', 'mtch']"
2021-04-05 23:12:26,"['volum', 'breakout', 'scan', 'vale', 'nclh', 'mara', 'wmt', 'nlok', 'trox', 'googl', 'lrcx', 'orcl', 'brk']"
2021-04-05 23:10:39,"['top', 'bullish', 'flow', 'today', 'url']"
2021-04-05 23:10:31,"['trade', 'option', 'care', 'bid', 'spread', 'gme', 'amc', 'spx', 'spi', 'meli', 'se', 'sq', 'nnox']"
2021-04-05 23:10:16,"['fresh', 'high', 'fresh', 'trendlin', 'url']"
2021-04-05 23:09:28,"['atus', 'fbthe', 'data', 'million', 'peopl', 'leak', 'internet', 'mine', 'stock', 'sold', 'share', 'year']"
2021-04-05 23:08:30,"['atus', 'break', 'news', 'give', 'random', 'follow', 'retweet', 'follow', 'enter', 'aci', 'nnox']"
2021-04-05 23:08:29,"['sampp', 'nasdaq', 'russel', 'technic', 'analysi', 'april', 'amzn', 'goog', 'iwm', 'spx', 'sq', 'url']"
2021-04-05 23:08:11,"['japan', 'bought', 'million', 'xrp', 'rippl', 'minut', 'ago', 'xrp', 'day', 'wow', 'url']"
2021-04-05 23:06:13,"['fbthe', 'data', 'million', 'peopl', 'leak', 'internet', 'mine', 'stock', 'sold', 'share', 'url']"
2021-04-05 23:06:10,"['bloodi', 'bank', 'declar', 'real', 'loss', 'archegoscapit', 'dont', 'understand', 'es', 'url']"
2021-04-05 23:05:36,"['exp', 'social', 'commerc', 'platform', 'atus', 'se', 'asia', 'interest', 'compani', 'mark', 'url']"
2021-04-05 23:04:53,"['back', 'regress', 'channel', 'url']"
2021-04-05 23:03:13,"['atus', 'day', 'googl', 'strong', 'popspi', 'psfe', 'qqq', 'pltr', 'amzn', 'penn']"
2021-04-05 23:03:08,"['atus', 'day', 'googl', 'strong', 'popspi', 'psfe', 'qqq', 'pltr', 'amzn', 'penn']"
2021-04-05 23:03:03,"['atus', 'guess', 'own', 'good', 'move', 'good', 'sign', 'marketsspi', 'psfe', 'qqq', 'pltr', 'amzn']"
2021-04-05 23:02:59,"['atus', 'fang', 'parti', 'start', 'back', 'tomorrow', 'amzn', 'crankfb', 'day', 'todayspi']"
2021-04-05 23:02:02,"['fang', 'parti', 'start', 'back', 'tomorrow', 'amzn', 'crankfb', 'day', 'today', 'url']"
2021-04-05 23:01:21,"['atus', 'introduc', 'dynam', 'ad', 'stream', 'fbgloboplay', 'brazilian', 'subscript', 'video', 'servic', 'dynam', 'ad', 'stream']"
2021-04-05 23:00:16,"['atus', 'fbinsan', 'strength', 'love', 'pullback', 'load', 'move', 'high', 'url']"
2021-04-05 23:00:05,"['gafam', 'goog', 'amzn', 'url']"
2021-04-05 22:59:42,"['fbinsan', 'strength', 'love', 'pullback', 'load', 'move', 'high', 'url', 'url']"
2021-04-05 22:59:32,"['evid', 'russia', 'influenc', 'brexit', 'vote', 'facebook', 'exec', 'cnbc', 'facebook', 'stockmarket', 'url']"
2021-04-05 22:59:09,"['tuesday', 'amzn']"
2021-04-05 22:58:13,"['torn', 'news', 'site', 'read', 'financi', 'news', 'page', 'mat', 'pay', 'url', 'url']"
2021-04-05 22:57:13,"['guess', 'own', 'good', 'move', 'good', 'sign', 'marketsspi', 'psfe', 'qqq', 'pltr', 'url']"
2021-04-05 22:56:19,"['jimcram', 'need', 'accept', 'back', 'faang', 'charit', 'trust', 'url']"
2021-04-05 22:55:29,"['top', 'option', 'volumeaapl', 'pltr', 'amc', 'nio', 'viac', 'amzn', 'url']"
2021-04-05 22:55:19,"['atus', 'atus', 'atus', 'discuss', 'cybersecur', 'concern', 'facebook', 'url']"
2021-04-05 22:54:11,"['atus', 'atus', 'end', 'day', 'fundament', 'eventu', 'play', 'market', 'googl', 'url']"
2021-04-05 22:53:29,"['atus', 'today', 'play', 'googl', 'hit', 'tgt', 'swing', 'enter', 'today', 'hit']"
2021-04-05 22:52:56,"['atus', 'facebook', 'full', 'year', 'revenu', 'bbbbbb']"
2021-04-05 22:50:47,"['contend', 'move', 'averag', 'googl', 'wax', 'url']"
2021-04-05 22:50:12,"['day', 'mix', 'gain', 'loss', 'glad', 'group', 'gain', 'side', 'url']"
2021-04-05 22:48:25,"['atus', 'time', 'high', 'nasdaq', 'esf', 'daytrad', 'marketprofil', 'futur', 'spx', 'zbf', 'nqf', 'clf', 'gcf', 'amzn', 'xom', 'ibm']"
2021-04-05 22:47:26,"['tim', 'atus', 'url', 'ar', 'augmentedr']"
2021-04-05 22:46:39,"['profit', 'trade', 'commun', 'profitsspi', 'qqq', 'amzn', 'nvda', 'ba', 'baba', 'url']"
2021-04-05 22:45:45,"['atus', 'discov', 'facebook', 'leak', 'kid', 'phone', 'amp', 'email', 'goal', 'forc', 'goliath', 'fix', 'messresult', 'eu']"
2021-04-05 22:45:40,"['atus', 'wrap', 'recap', 'st', 'aprilalert', 'idea', 'mara', 'gttsla', 'gt', 'gt', 'googl', 'gt']"
2021-04-05 22:45:26,"['trade', 'made', 'long', 'time', 'easi', 'play', 'avgo', 'love', 'work', 'mnta', 'gld', 'twr', 'slv', 'xom', 'wmt', 'url']"
2021-04-05 22:45:10,"['atus', 'facebook', 'share', 'hit', 'fresh', 'record', 'social', 'media', 'compani', 'take', 'peak', 'stood', 'aug', 'fear', 'fade', 'ab']"
2021-04-05 22:45:09,"['atus', 'option', 'impli', 'volatil', 'dayaapl', 'iv', 'iv', 'amzn', 'iv', 'goog', 'iv']"
2021-04-05 22:44:55,"['select', 'social', 'media', 'stock', 'amp', 'start', 'portfolio', 'lnkd', 'znga', 'url', 'url']"
2021-04-05 22:44:32,"['tradeidea', 'hyln', 'stoch', 'reversingmacd', 'readi', 'turn', 'positiversi', 'oversold', 'territorypric', 'target', 'url']"
2021-04-05 22:44:05,"['facebook', 'pledg', 'suspend', 'polit', 'donat', 'quietli', 'funnel', 'gop', 'group', 'push', 'voter', 'suppressi', 'url']"
2021-04-05 22:43:51,"['time', 'high', 'nasdaq', 'esf', 'daytrad', 'marketprofil', 'futur', 'spx', 'zbf', 'nqf', 'clf', 'gcf', 'amzn', 'xom', 'url']"
2021-04-05 22:43:11,"['atus', 'load', 'goog']"
2021-04-05 22:43:08,"['atus', 'atus', 'atus', 'discuss', 'cybersecur', 'concern', 'facebook', 'url']"
2021-04-05 22:42:22,"['buy', 'internet', 'sector', 'atus', 'uber', 'spot', 'pin', 'url']"
2021-04-05 22:42:03,"['atus', 'atus', 'atus', 'discuss', 'cybersecur', 'concern', 'facebook', 'url']"
2021-04-05 22:41:36,"['discov', 'facebook', 'leak', 'kid', 'phone', 'amp', 'email', 'goal', 'forc', 'goliath', 'fix', 'messresult', 'url']"
2021-04-05 22:41:33,"['atus', 'stock', 'trend', 'convers', 'fintwit', 'nnox', 'gme', 'nvta', 'pltr', 'bfli', 'pin']"
2021-04-05 22:40:42,"['ahead', 'trend', 'xtrader', 'congrat', 'play', 'tomorrowamzn', 'ba', 'baba', 'url']"
2021-04-05 22:40:37,"['great', 'weekend', 'remind', 'market', 'close', 'monday', 'due', 'mlk', 'day', 'tuesdayamzn', 'url']"
2021-04-05 22:40:03,"['atus', 'trade', 'xfcf', 'fcf', 'yieldfcf', 'grow', 'yea', 'url']"
2021-04-05 22:40:00,"['atus', 'atus', 'atus', 'discuss', 'cybersecur', 'concern', 'facebook', 'url']"
2021-04-05 22:39:55,"['excit', 'start', 'tomorrow', 'great', 'setup', 'learn', 'trade', 'amzn', 'ba', 'baba', 'url']"
2021-04-05 22:39:24,"['profit', 'trade', 'commun', 'join', 'discord', 'group', 'spi', 'nio', 'eye', 'qqq', 'uvxi', 'es', 'ba', 'gme', 'url']"
2021-04-05 22:39:12,"['atus', 'option', 'volumesaapl', 'call', 'puttsla', 'call', 'putpltr', 'call', 'putmsft']"
2021-04-05 22:38:51,"['atus', 'number', 'monthli', 'user', 'steam', 'vr', 'headset', 'million', 'user', 'user', 'oculu']"
2021-04-05 22:37:30,"['year', 'move', 'unemploy', 'stabl', 'tech', 'strong', 'balanc', 'sheet', 'rival', 'mo', 'url']"
2021-04-05 22:36:22,"['discord', 'group', 'member', 'app', 'join', 'nvda', 'baba', 'zm', 'abnb', 'pypl', 'url']"
2021-04-05 22:36:21,"['discord', 'group', 'member', 'app', 'join', 'nvda', 'baba', 'zm', 'abnb', 'pypl', 'url']"
2021-04-05 22:34:38,"['ive', 'made', 'alert', 'url', 'baba', 'uec', 'vetx', 'googl', 'mdli', 'url']"
2021-04-05 22:34:01,"['appl', 'googl', 'facebook', 'enabl', 'predatori', 'lend', 'googl', 'url']"
2021-04-05 22:33:39,"['make', 'stock', 'your', 'trade', 'tomorrow', 'confirm', 'suppli', 'suppli', 'confirm', 'url']"
2021-04-05 22:32:55,"['atus', 'figureday', 'grate', 'appreci', 'profitsfb', 'callsmsft', 'call', 'mgm', 'call', 'wm']"
2021-04-05 22:32:39,"['atus', 'summari', 'ad', 'swing', 'unfi', 'ccmp', 'gm', 'inmd', 'fbcurrent', 'swing', 'soxl', 'pola', 'auvi', 'daytrad', 'small', 'size']"
2021-04-05 22:32:33,"['atus', 'goog', 'stock', 'reach', 'record', 'big', 'tech', 'bounc', 'back', 'url']"
2021-04-05 22:31:51,"['atus', 'number', 'monthli', 'user', 'steam', 'vr', 'headset', 'million', 'user', 'user', 'oculu']"
2021-04-05 22:31:49,"['atus', 'hmmmmmmxspa', 'gotta', 'nclh', 'helpsav', 'air', 'travel', 'industryspi', 'url']"
2021-04-05 22:31:47,"['charli', 'munger', 'buy', 'baba', 'spi', 'qqq', 'iwm', 'tchey', 'bidu', 'iq', 'tme', 'sftbi', 'amzn', 'googl', 'url']"
2021-04-05 22:31:40,"['broke', 'beauti', 'url']"
2021-04-05 22:31:33,"['spi', 'ath', 'break', 'let', 'pm', 'price', 'action', 'url']"
2021-04-05 22:31:31,"['discord', 'group', 'member', 'app', 'join', 'acn', 'dltr', 'ea', 'spi', 'spx', 'url']"
2021-04-05 22:31:26,"['rememb', 'cash', 'king', 'market', 'dont', 'forcespi', 'btc', 'mara', 'cemi', 'wimi']"
2021-04-05 22:31:09,"['nio', 'spi', 'fsli', 'novn', 'pt', 'roku', 'solo', 'baba', 'akba', 'amzn', 'zm', 'url']"
2021-04-05 22:31:00,"['atus', 'yvr', 'rkda', 'tslaour', 'overlapind', 'multipl', 'move', 'averag', 'time', 'frame', 'leng']"
2021-04-05 22:30:52,"['stock', 'option', 'day', 'trade', 'cldr', 'nok', 'abev', 'znga', 'save', 'mgm', 'pbr', 'snap', 'xom', 'low', 'amzn', 'url']"
2021-04-05 22:30:48,"['bull', 'bear', 'rest', 'week', 'spi', 'qqq', 'ba', 'pltr', 'abnb', 'gme', 'viac']"
2021-04-05 22:30:46,"['gt', 'gt', 'amzn', 'gt', 'googl', 'gt', 'googl', 'gt', 'amaz', 'day', 'url']"
2021-04-05 22:29:56,"['nio', 'spi', 'fsli', 'staf', 'zm', 'spi', 'pt', 'baba', 'pton', 'amzn', 'mtc', 'xxii', 'roku', 'url']"
2021-04-05 22:29:53,"['wrap', 'recap', 'st', 'aprilalert', 'idea', 'mara', 'gttsla', 'gt', 'gt', 'googl', 'gt', 'url']"
2021-04-05 22:29:52,"['instant', 'updat', 'free', 'trial', 'join', 'amc', 'gme', 'nok', 'spi', 'rh', 'aal', 'nakd', 'sol', 'dal', 'url']"
2021-04-05 22:29:49,"['discord', 'bodi', 'join', 'amzn', 'spce', 'meli', 'googl', 'nio', 'docu', 'url']"
2021-04-05 22:29:18,"['half', 'mile', 'discord', 'weve', 'fire', 'amzn', 'baba', 'bidu', 'baba', 'url']"
2021-04-05 22:29:05,"['fang', 'strong', 'spi', 'qqq', 'trendinggrowth', 'lag', 'beta', 'name', 'ttd', 'shop', 'growth', 'url']"
2021-04-05 22:28:55,"['spi', 'pivot', 'support', 'amp', 'resist', 'tu', 'amzn', 'aaplgoog', 'nflxnvda', 'abnb', 'amdmsft', 'url']"
2021-04-05 22:28:04,"['option', 'impli', 'volatil', 'dayaapl', 'iv', 'iv', 'amzn', 'iv', 'goog', 'url']"
2021-04-05 22:27:43,"['atus', 'wrap', 'recap', 'st', 'aprilalert', 'idea', 'mara', 'gttsla', 'gt', 'gt', 'googl', 'gt']"
2021-04-05 22:27:15,"['member', 'todaycheck', 'trade', 'amzn', 'pypl', 'zmjoin', 'chatroom', 'url']"
2021-04-05 22:27:09,"['expect', 'death', 'causesusalook', 'feb', 'thlong', 'time', 'report', 'show', 'expect', 'url']"
2021-04-05 22:27:08,"['wsm', 'amzn', 'amp', 'googl', 'play', 'todayw', 'intraday', 'playsveri', 'success', 'day', 'url']"
2021-04-05 22:26:47,"['atus', 'invest', 'futurebig', 'data', 'pltrteleheath', 'tdocmobil', 'game', 'sklzsport', 'bet', 'dkngreal', 'estat', 'open']"
2021-04-05 22:26:15,"['tradingtip', 'trendquit', 'buy', 'dip', 'fomowait', 'trend', 'day', 'build', 'confirmationbu', 'url']"
2021-04-05 22:24:33,"['atus', 'number', 'monthli', 'user', 'steam', 'vr', 'headset', 'million', 'user', 'user', 'oculu']"
2021-04-05 22:24:09,"['im', 'short', 'tomorrow']"
2021-04-05 22:24:06,"['atus', 'good', 'stock', 'match']"
2021-04-05 22:23:11,"['stock', 'pick', 'top', 'internet', 'analyst', 'amzn', 'pin', 'uber', 'spot', 'url']"
2021-04-05 22:22:57,"['atus', 'atus', 'ignor', 'person', 'breach', 'amzn', 'ignor', 'alabama', 'warehous', 'vote', 'imagin']"
2021-04-05 22:21:49,"['atus', 'congrat', 'long', 'surviv', 'brutal', 'month', 'drawdown', 'give', 'existenti', 'dread', 'http']"
2021-04-05 22:20:48,"['stock', 'gain', 'hour', 'btxweictrmqcomfbcheck', 'float', 'floatcheckerstock', 'stockmarket']"
2021-04-05 22:18:11,"['suit', 'prepar', 'tomorrow', 'pullback', 'tsl', 'googl', 'orcl', 'nclh', 'ccl', 'ba', 'aal', 'dal', 'ual', 'url']"
2021-04-05 22:18:06,"['ath', 'url']"
2021-04-05 22:17:58,"['atus', 'million', 'bullish', 'call', 'option', 'bet', 'facebook', 'today']"
2021-04-05 22:17:23,"['weird', 'day', 'market', 'today', 'nasdaq', 'perform', 'pretti', 'major', 'growth', 'stock', 'url']"
2021-04-05 22:16:09,"['scan', 'monday', 'april', 'url', 'url', 'ba', 'gm', 'pypl', 'url']"
2021-04-05 22:15:46,"['app', 'pin', 'upst', 'futu', 'si', 'strong', 'growth', 'land', 'watch', 'name', 'leader', 'market', 'pu', 'url']"
2021-04-05 22:15:23,"['atus', 'invest', 'futurebig', 'data', 'pltrteleheath', 'tdocmobil', 'game', 'sklzsport', 'bet', 'dkngreal', 'estat', 'open']"
2021-04-05 22:15:10,"['atus', 'ive', 'pound', 'tabl', 'month', 'pound', 'url']"
2021-04-05 22:13:32,"['ticker', 'bearish', 'news', 'sentiment', 'est', 'amzn', 'mcd', 'nvda', 'plug', 'xom', 'url']"
2021-04-05 22:13:05,"['atus', 'yvr', 'rkda', 'tslaour', 'overlapind', 'multipl', 'move', 'averag', 'time', 'frame', 'leng']"
2021-04-05 22:12:29,"['goog', 'stock', 'reach', 'record', 'big', 'tech', 'bounc', 'back', 'url']"
2021-04-05 22:11:09,"['hotopt', 'report', 'end', 'day', 'april', 'pltr', 'amc', 'nio', 'viac', 'amzn', 'url']"
2021-04-05 22:10:51,"['ive', 'pound', 'tabl', 'month', 'pound', 'url']"
2021-04-05 22:10:03,"['summari', 'ad', 'swing', 'unfi', 'ccmp', 'gm', 'inmd', 'fbcurrent', 'swing', 'soxl', 'pola', 'auvi', 'daytrad', 'small', 'size', 'url']"
2021-04-05 22:09:47,"['figureday', 'grate', 'appreci', 'profitsfb', 'callsmsft', 'call', 'mgm', 'call', 'url']"
2021-04-05 22:09:06,"['shhhhjustshar', 'spi', 'psfe', 'qqq', 'pltr', 'amzn', 'penn', 'nvda', 'googl', 'shop', 'url']"
2021-04-05 22:08:02,"['big', 'cap', 'tech', 'lead', 'day', 'googl', 'lead', 'small', 'cap', 'financi', 'higher', 'valuat', 'name', 'url']"
2021-04-05 22:06:47,"['atus', 'option', 'volumesaapl', 'call', 'puttsla', 'call', 'putpltr', 'call', 'putmsft']"
2021-04-05 22:05:04,"['appar', 'hack', 'half', 'billion', 'peopl', 'data', 'conform', 'ccp', 'crumbl', 'section', 'url']"
2021-04-05 22:04:53,"['atus', 'dont', 'forget', 'faangfbamznaaplnflxgoog', 'url']"
2021-04-05 22:04:41,"['ive', 'made', 'alert', 'urlso', 'xelb', 'pltr', 'aci', 'btcx', 'ethx', 'url']"
2021-04-05 22:04:36,"['current', 'holdingsfb', 'goog', 'spce', 'amzn', 'pin', 'ba', 'sbux']"
2021-04-05 22:03:32,"['atus', 'great', 'day', 'trade', 'googl', 'mentor', 'atus', 'atus', 'sold', 'earli']"
2021-04-05 22:02:40,"['top', 'stock', 'trend', 'wallstreetbet', 'volum', 'estspi', 'gme', 'aso', 'pltr', 'amc', 'nio']"
2021-04-05 22:02:26,"['atus', 'read', 'bullish', 'number', 'wont', 'reflect', 'stori', 'themat', 'cou']"
2021-04-05 22:01:48,"['atus', 'lot', 'investor', 'sleep', 'play', 'catch', 'find', 'reason']"
2021-04-05 22:01:14,"['atus', 'amzn', 'popular', 'hold', 'hedg', 'fund', 'institut', 'investor', 'continu', 'load', 'increas']"
2021-04-05 22:01:09,"['activ', 'stock', 'today', 'hour', 'tradinggener', 'electr', 'getesla', 'tslaappl', 'aaplviacomcb', 'viacdi', 'url']"
2021-04-05 22:00:55,"['big', 'tech', 'hasnt', 'move', 'juli', 'dont', 'high', 'rotat', 'lifeblood', 'url']"
2021-04-05 22:00:48,"['atus', 'wl', 'video', 'tomorrowamc', 'wmt', 'ba', 'tgt', 'amzn', 'spi', 'url', 'url']"
2021-04-05 22:00:33,"['atus', 'number', 'monthli', 'user', 'steam', 'vr', 'headset', 'million', 'user', 'user', 'oculu']"
2021-04-05 21:58:30,"['great', 'day', 'trade', 'googl', 'mentor', 'atus', 'atus', 'sold', 'earli', 'url']"
2021-04-05 21:58:07,"['break', 'clean', 'glad', 'put', 'articl', 'big', 'move', 'readersfacebo', 'url']"
2021-04-05 21:57:23,"['atus', 'number', 'monthli', 'user', 'steam', 'vr', 'headset', 'million', 'user', 'user', 'oculu']"
2021-04-05 21:56:58,"['atus', 'updatedaytradingspx', 'swingtrad', 'amzn', 'realizedspi', 'url']"
2021-04-05 21:56:40,"['atus', 'facebook', 'broke', 'histor', 'high', 'settl', 'uoa', 'aprth', 'call', 'origin', 'highlig']"
2021-04-05 21:56:25,"['shhhhjustshar', 'spi', 'psfe', 'qqq', 'pltr', 'amzn', 'penn', 'nvda', 'googl', 'shop', 'url']"
2021-04-05 21:55:51,"['atus', 'number', 'monthli', 'user', 'steam', 'vr', 'headset', 'million', 'user', 'user', 'oculu']"
2021-04-05 21:54:14,"['atus', 'googl', 'time', 'high', 'amzn', 'slouch', 'morn']"
2021-04-05 21:54:12,"['shhhhjustshar', 'spi', 'psfe', 'qqq', 'pltr', 'amzn', 'penn', 'nvda', 'googl', 'shop', 'url']"
2021-04-05 21:54:11,"['amzn', 'soxl', 'discord', 'url']"
2021-04-05 21:54:06,"['atus', 'option', 'volumesaapl', 'call', 'puttsla', 'call', 'putpltr', 'call', 'putmsft']"
2021-04-05 21:53:32,"['atus', 'wide', 'held', 'amp', 'biggest', 'stock', 'hedg', 'fund', 'made', 'ath', 'todaygoogl', 'intrada']"
2021-04-05 21:50:26,"['atus', 'googl', 'time', 'high', 'amzn', 'slouch', 'morn']"
2021-04-05 21:50:11,"['atus', 'option', 'volumesaapl', 'call', 'puttsla', 'call', 'putpltr', 'call', 'putmsft']"
2021-04-05 21:50:06,"['atus', 'tradingtip', 'trendquit', 'buy', 'dip', 'fomowait', 'trend', 'day', 'build', 'confirmationbuy', 'high', 'se']"
2021-04-05 21:49:25,"['atus', 'wrap', 'recap', 'st', 'aprilalert', 'idea', 'mara', 'gttsla', 'gt', 'gt', 'googl', 'gt']"
2021-04-05 21:48:53,"['rip', 'nq', 'nice', 'daili', 'chart', 'havent', 'look']"
2021-04-05 21:48:44,"['nclh', 'norwegian', 'cruis', 'line', 'hold', 'requir', 'passeng', 'crew', 'vaccin', 'covid', 'url']"
2021-04-05 21:48:18,"['atus', 'optionstradingmarketsaapl', 'call', 'puttsla', 'call', 'putpltr', 'call', 'put']"
2021-04-05 21:48:03,"['atus', 'optionstradingmarketsaapl', 'call', 'puttsla', 'call', 'putpltr', 'call', 'put']"
2021-04-05 21:47:07,"['atus', 'wrap', 'recap', 'st', 'aprilalert', 'idea', 'mara', 'gttsla', 'gt', 'gt', 'googl', 'gt']"
2021-04-05 21:45:42,"['updatealertswatchlist', 'discord', 'group', 'kmember', 'wynn', 'home', 'kndi', 'mobl', 'cbat', 'url']"
2021-04-05 21:45:39,"['atus', 'monday', 'option', 'volumesaapl', 'call', 'puttsla', 'call', 'putpltr', 'call', 'putmsf']"
2021-04-05 21:45:35,"['discord', 'stock', 'trader', 'group', 'thereupd', 'chatroom', 'analysisbidu', 'save', 'work', 'url']"
2021-04-05 21:45:34,"['atus', 'wrap', 'recap', 'st', 'aprilalert', 'idea', 'mara', 'gttsla', 'gt', 'gt', 'googl', 'gt']"
2021-04-05 21:44:06,"['amaz', 'win', 'alert', 'bynd', 'useg', 'shop', 'dkng', 'mu', 'nov', 'myov', 'apdn', 'mxc', 'bzun', 'spi', 'qqq', 'amzn', 'nvda', 'ba', 'url']"
2021-04-05 21:43:58,"['googl', 'didnt', 'play', 'money', 'url']"
2021-04-05 21:43:25,"['atus', 'monthli', 'pampl', 'marchsolid', 'month', 'momentum', 'slow', 'half', 'month']"
2021-04-05 21:43:22,"['atus', 'wrap', 'recap', 'st', 'aprilalert', 'idea', 'mara', 'gttsla', 'gt', 'gt', 'googl', 'gt']"
2021-04-05 21:42:45,"['start', 'trade', 'month', 'ago', 'made', 'big', 'amzn', 'love', 'work', 'mnta', 'gld', 'twr', 'url']"
2021-04-05 21:42:39,"['free', 'option', 'stock', 'discord', 'link', 'bio', 'join', 'nowbtc', 'eth', 'ech', 'bch', 'ltc', 'ampl', 'xtz', 'xlm', 'xom', 'mara', 'url']"
2021-04-05 21:41:27,"['atus', 'wrap', 'recap', 'st', 'aprilalert', 'idea', 'mara', 'gttsla', 'gt', 'gt', 'googl', 'gt']"
2021-04-05 21:41:14,"['atus', 'yall', 'chart', 'week', 'im', 'hd', 'wmt', 'tgt', 'sq', 'riot', 'mara']"
2021-04-05 21:40:29,"['updatedaytradingspx', 'swingtrad', 'amzn', 'realizedspi', 'url']"
2021-04-05 21:39:32,"['number', 'monthli', 'user', 'steam', 'vr', 'headset', 'million', 'user', 'user', 'ocu', 'url']"
2021-04-05 21:39:06,"['atus', 'themoreyouknow', 'softbank', 'largest', 'posit', 'asset', 'manag', 'arm', 'sftbybelieveinz']"
2021-04-05 21:39:04,"['nasdaq', 'index', 'recent', 'peak', 'big', 'stock', 'alphabet', 'googl', 'faceboo', 'url']"
2021-04-05 21:37:54,"['discord', 'group', 'member', 'app', 'join', 'nvda', 'baba', 'zm', 'abnb', 'pypl', 'url']"
2021-04-05 21:37:36,"['atus', 'wrap', 'recap', 'st', 'aprilalert', 'idea', 'mara', 'gttsla', 'gt', 'gt', 'googl', 'gt']"
2021-04-05 21:36:56,"['qqq', 'day', 'ralli', 'built', 'jenga', 'tower', 'foundat', 'gap', 'fill', 'url']"
2021-04-05 21:36:54,"['japan', 'bought', 'million', 'xrp', 'rippl', 'minut', 'ago', 'xrp', 'day', 'wow', 'url']"
2021-04-05 21:36:39,"['atus', 'add', 'pin', 'demograph', 'platform', 'shop', 'intent', 'class', 'url']"
2021-04-05 21:36:16,"['atus', 'amzn', 'settl', 'hist', 'high', 'due', 'follow', 'googl', 'await']"
2021-04-05 21:35:56,"['daili', 'chart', 'fib', 'levelsqqq', 'goog', 'amzn', 'url']"
2021-04-05 21:35:37,"['atus', 'improp', 'chart', 'app', 'dkng', 'zi', 'continu', 'lag', 'leadership', 'sq', 'pypl', 'net', 'continu', 'repair', 'its']"
2021-04-05 21:34:24,"['btc', 'eth', 'link', 'xtz', 'ada', 'vet', 'knc', 'sxp', 'es', 'jd', 'baba', 'bidu', 'tme', 'spi', 'qqq', 'di', 'shopamd', 'url']"
2021-04-05 21:34:07,"['trade', 'idea', 'weekli', 'url', 'free', 'trade', 'week', 'url', 'url']"
2021-04-05 21:33:37,"['lost', 'market', 'share', 'year', 'stream', 'rival', 'viac', 'cmcsa', 'di', 'sne', 'roku', 'url']"
2021-04-05 21:32:53,"['atus', 'wrap', 'recap', 'st', 'aprilalert', 'idea', 'mara', 'gttsla', 'gt', 'gt', 'googl', 'gt']"
2021-04-05 21:32:45,"['atus', 'wrap', 'recap', 'st', 'aprilalert', 'idea', 'mara', 'gttsla', 'gt', 'gt', 'googl', 'gt']"
2021-04-05 21:32:34,"['squeez', 'major', 'nake', 'short', 'attack', 'hereaapl', 'nok', 'snap', 'athn', 'ato', 'aker', 'mat', 'jd', 'mini', 'url']"
2021-04-05 21:32:33,"['wrap', 'recap', 'st', 'aprilalert', 'idea', 'mara', 'gttsla', 'gt', 'gt', 'googl', 'gt', 'url']"
2021-04-05 21:31:33,"['atus', 'unreal', 'start', 'week', 'day', 'ive', 'caught', 'googl', 'amzn', 'today', 'secur']"
2021-04-05 21:30:51,"['pretti', 'classic', 'move', 'frustrat', 'trade', 'rang', 'jan', 'bounc', 'great', 'entrya', 'url']"
2021-04-05 21:30:24,"['atus', 'updat', 'hr', 'ath', 'today', 'put', 'retrac', 'finish', 'wave', 'earn', 'end', 'mon']"
2021-04-05 21:29:15,"['rememb', 'hate', 'month', 'ago', 'straight', 'baba', 'boat', 'url']"
2021-04-05 21:28:54,"['sonar', 'trade', 'optionsflow', 'callexpir', 'size', 'oi', 'trade', 'cost', 'stock', 'url']"
2021-04-05 21:28:44,"['atus', 'googl', 'time', 'high', 'amzn', 'slouch', 'morn']"
2021-04-05 21:27:40,"['larg', 'print', 'size', 'price', 'time', 'amount']"
2021-04-05 21:26:17,"['atus', 'day', 'googl', 'strong', 'popspi', 'psfe', 'qqq', 'pltr', 'amzn', 'penn']"
2021-04-05 21:26:00,"['yall', 'chart', 'week', 'im', 'hd', 'wmt', 'tgt', 'sq', 'riot', 'mara']"
2021-04-05 21:25:40,"['atus', 'monthli', 'pampl', 'marchsolid', 'month', 'momentum', 'slow', 'half', 'month']"
2021-04-05 21:25:28,"['tweet', 'profit', 'let', 'run', 'url']"
2021-04-05 21:25:25,"['atus', 'improp', 'chart', 'app', 'dkng', 'zi', 'continu', 'lag', 'leadership', 'sq', 'pypl', 'net', 'continu', 'repair', 'its']"
2021-04-05 21:24:54,"['atus', 'ai', 'vision', 'financ', 'live', 'news', 'facebook', 'crypto', 'stock', 'soar', 'ethereum', 'facebook', 'ethereum', 'cryptonew', 'bit']"
2021-04-05 21:24:36,"['time', 'short', 'dont', 'judg', 'luck', 'million', 'facebook', 'user', 'dat', 'url']"
2021-04-05 21:24:03,"['atus', 'call', 'ibm', 'call', 'mara', 'call', 'share', 'eeenf', 'share', 'call', 'call']"
2021-04-05 21:23:42,"['atus', 'ill', 'write', 'long', 'idea', 'hidden', 'themebarron', 'late', 'atus', 'url']"
2021-04-05 21:23:37,"['stock', 'market', 'ralli', 'hit', 'record', 'high', 'tesla', 'surg', 'tech', 'giant', 'break', 'url']"
2021-04-05 21:23:35,"['monmonthlt', 'fnko', 'thugoogl', 'mara', 'riot', 'tgt', 'eatuesday', 'april', 'amjob', 'openingsf', 'url']"
2021-04-05 21:23:23,"['atus', 'million', 'user', 'data', 'leak', 'onlin', 'facebookresultfb', 'time', 'high']"
2021-04-05 21:23:22,"['atus', 'market', 'watchlist', 'sunday', 'webinar', 'member', 'week', 'watchlist', 'mark']"
2021-04-05 21:23:09,"['sell', 'coupl', 'shirt', 'class', 'project', 'url', 'reach', 'shirt', 'ill', 'drop', 'url']"
2021-04-05 21:23:08,"['monster', 'day', 'goog', 'sleep', 'giant', 'awoken']"
2021-04-05 21:22:53,"['ai', 'vision', 'financ', 'live', 'news', 'facebook', 'crypto', 'stock', 'soar', 'ethereum', 'facebook', 'ethereum', 'url']"
2021-04-05 21:22:03,"['atus', 'today', 'yoy', 'app', 'download', 'data', 'month', 'marchexp', 'abnb', 'snap', 'bkng', 'pin', 'amzn', 'mtch']"
2021-04-05 21:21:44,"['facebook', 'broke', 'histor', 'high', 'settl', 'uoa', 'aprth', 'call', 'origin', 'hig', 'url']"
2021-04-05 21:21:08,"['atus', 'top', 'stock', 'trend', 'guru', 'hour', 'base', 'heat', 'map', 'pltr', 'gme', 'mara']"
2021-04-05 21:20:18,"['appl', 'war', 'lol', 'troll', 'begin', 'appl', 'iphon', 'autocorrect', 'zuckerberg', 'sucker', 'berg', 'url']"
2021-04-05 21:18:56,"['goog', 'amc', 'unfi', 'amc', 'wmt', 'hog', 'nnox', 'czr', 'mara', 'today', 'blackboxstock', 'amp', 'url']"
2021-04-05 21:18:30,"['amzn', 'final', 'woken', 'bullish', 'revers', 'monthli', 'chart', 'big', 'target', 'url']"
